id,isbn,title,author,dept_course,descript_raw,toc_raw,descript_url,toc_url
1,97803212,END OF EVERYTHING,ABBOTT,"[""['ENGH 497', 'ENGH 513']"", ""['EDRD 610']"", ""['ENGH 399']"", ""['FRSC 304', 'FRSC 540']"", ""['ASTR 113']"", ""['HNRT 228']"", ""['SWE 619']"", ""['GEOL 304']"", ""['MATH 113', 'MATH 114', 'MATH 116', 'MATH 124', 'MATH 213']"", ""['MATH 113', 'MATH 114', 'MATH 116']"", ""['MATH 213']"", ""['NURS 761']"", ""['NURS 713', 'NURS 761']"", ""['NURS 749']"", ""['ENGH 396']"", ""['ECON 370', 'ECON 846']"", ""['CFRS 780']"", ""['ISA 681', 'SWE 681']"", ""['EDAT 649']"", ""['ENGH 373']"", ""['GCH 350']"", ""['ATEP 270']"", ""['INFS 622']"", ""['ENGH 375', 'ENGH 507']"", ""['PHYS 245']"", ""['COMM 430']"", ""['MATH 110', 'MATH 111']"", ""['CFRS 790']"", ""['BIOL 431']"", ""['MATH 453']"", ""['NURS 425']"", ""['ENGH 101']"", ""['CS 550', 'CS 650']"", ""['CS 450']"", ""['CS 483']"", ""['AVT 217', 'AVT 415', 'SWE 205']"", ""['STAT 515']"", ""['MATH 203']"", ""['HIST 122']"", ""['CLIM 111', 'PHYS 111']"", ""['GEOL 101']"", ""['RHBS 271']"", ""['BIOL 124', 'BIOL 125']"", ""['NURS 713', 'NURS 769']"", ""['STAT 350']"", ""['GCH 411']"", ""['MATH 106']"", ""['NURS RN RETRN']"", ""['NURS 715']"", ""['MATH 106', 'MATH 113', 'MATH 114', 'MATH 116', 'MATH 124', 'MATH 203', 'MATH 213']"", ""['STAT 250', 'STAT 350']"", ""['CLAS 250']"", ""['BIOL 103', 'BIOL 104']"", ""['MATH 301']"", ""['MATH 351', 'STAT 544']"", ""['GGS 103']"", ""['BIOL 214']"", ""['CDS 410', 'MATH 446', 'MATH 447', 'OR 481']"", ""['ENGH 201']"", ""['BIOL 486']"", ""['SWE 632']"", ""['HNRS 130']"", ""['EVPP 301']"", ""['NURS 434', 'NURS 440', 'NURS 466']"", ""['CS 531']"", ""['CHEM 102', 'CHEM 104']"", ""['EDUC 537']"", ""['CS 584']"", ""['ECON 310']"", ""['EVPP 338']"", ""['BIOL 246', 'BIOL 305']"", ""['CFRS 663', 'TCOM 663']"", ""['CS 310', 'INFS 519']"", ""['GEOL 308']"", ""['EVPP 110', 'EVPP 111']"", ""['ENGH 400']"", ""['PHYS 260']"", ""['PHYS 160']""]","<p>Explore the current state of the production, processing, and manufacturing industries and discover what it will take to achieve re-industrialization of the former industrial powerhouses that can counterbalance the benefits of cheap labor providers dominating the industrial sector. This book explores the potential for the Internet of Things (IoT), Big Data, Cyber-Physical Systems (CPS), and Smart Factory technologies to replace the still largely mechanical, people-based systems of offshore locations.</p><p><i>Industry 4.0: The Industrial Internet of Things</i> covers Industry 4.0, a term that encapsulates trends and technologies that could rewrite the rules of manufacturing and production.<br></p><br><b>What You'll Learn:</b><ul><li>Discover the Industrial Internet and Industrial Internet of Things<br></li><li>See the technologies that must advance to enable Industry 4.0 and learn what is happening today to make that happen</li><li>Observe examples of the implementation of Industry 4.0<br></li><li>Apply some of these case studies<br></li><li>Discover the potential to take back the lead in manufacturing, and the potential fallout that could result<br></li></ul><br><b>Who This Book is For:</b> <p>Business futurists, business strategists, CEOs and CTOs, and anyone with an interest and an IT or business background; or anyone who may have a keen interest in how the future of IT, industry and production will develop over the next two decades.</p><p></p>",,https://www.googleapis.com/books/v1/volumes?key=AIzaSyAgszsKLEg7nfzmp-cNM2ep1tihrR_RXBk&q=97803212,
2,97819412,BADDAWI,ABDELRAZAQ,"[""['ENGH 201']"", ""['SPMT 405']"", ""['ENGH 397']"", ""['GOVT 520']"", ""['MATH 108']"", ""['EDCI 473', 'EDCI 573']"", ""['NURS 758']"", ""['SPMT 302']"", ""['CONF 345']"", ""['ENGH 302']"", ""['PROV 301']"", ""['GCH 335']"", ""['SPMT 420']"", ""['ENGH 685']"", ""['HNRS 130']"", ""['MATH 006']"", ""['MATH 045']"", ""['MATH 008', 'MATH 044']"", ""['NURS 805']"", ""['COMM 204', 'COMM 330', 'COMM 331', 'COMM 388', 'COMM 389', 'COMM 391']"", ""['MATH 216']"", ""['ECON 103', 'ECON 309']"", ""['EDCI 790']"", ""['GOVT 322']"", ""['MATH 006', 'MATH 044', 'MATH 045', 'MATH 108']""]",Description Not Found,,https://www.googleapis.com/books/v1/volumes?key=AIzaSyAgszsKLEg7nfzmp-cNM2ep1tihrR_RXBk&q=97819412,
3,97815912,MILITANT ISLAMIST IDEOLOGY,ABOUL-ENEIN,"[""['CONF 345']"", ""['AE 022']"", ""['PUAD 703']"", ""['CFRS 660', 'TCOM 660']"", ""['RELI 235']"", ""['ARAB 110']"", ""['ARAB 110', 'ARAB 210']"", ""['ARAB 250']"", ""['PSYC 405']"", ""['IT 445']"", ""['IT 341']"", ""['SOCI 412']"", ""['SOCI 302']"", ""['ENGH 201']"", ""['TCOM 690']"", ""['EVPP 480']"", ""['ENGH 204']"", ""['TCOM 515', 'TCOM 609']"", ""['CFRS 761']"", ""['CLAS 350']"", ""['NUTR 466', 'NUTR 566']"", ""['GBUS 540']"", ""['GLOA 450', 'GLOA 599']"", ""['HIST 387']"", ""['GCH 320']"", ""['BIS 300', 'GCH 645']"", ""['PRLS 210']"", ""['RELI 341']"", ""['ARAB 350', 'ARAB 351']"", ""['PHIL 391']"", ""['HNRS 230']"", ""['EDCI 666']"", ""['EDCI 855']"", ""['GOVT 467']"", ""['CEIE 304', 'CEIE 404']"", ""['RELI 272']"", ""['CEIE 203']"", ""['GOVT 324', 'PHIL 324']"", ""['SOCW 483']"", ""['HIST 688']"", ""['ECON 481', 'ECON 820']"", ""['HIST 499']"", ""['EDCD 656']"", ""['EDLE 634']"", ""['ENGH 315']"", ""['ECON 362']"", ""['CONF 747']"", ""['CS 100']"", ""['ENGH 513']"", ""['AVT 243', 'AVT 311']"", ""['GOVT 332', 'GOVT 632']"", ""['HIST 329']"", ""['EDRS 826']"", ""['MBA 737']""]",Description Not Found,,https://www.googleapis.com/books/v1/volumes?key=AIzaSyAgszsKLEg7nfzmp-cNM2ep1tihrR_RXBk&q=97815912,
4,97803112,WHY NATIONS FAIL,ACEMOGLU,"[""['ECON 360']"", ""['GOVT 467']"", ""['ENGH 204']"", ""['ENGH 201']"", ""['ECON 385']"", ""['ECON 309']"", ""['ENGH 310']"", ""['PRLS 300']"", ""['NURS 465']"", ""['HIST 121']"", ""['CULT 860']"", ""['RUSS 353']"", ""['HIST 125', 'HIST 373']"", ""['TOUR 110']"", ""['CULT 860', 'GOVT 520']"", ""['GOVT 520']"", ""['GBUS 540']"", ""['ENGH 305']"", ""['ENGH 101']"", ""['GOVT 444']"", ""['NCLC 301']"", ""['PROV 504']"", ""['HNRS 230']"", ""['HNRS 122']"", ""['HIST 499']"", ""['JAPA 340']"", ""['ENGH 608']"", ""['HDFS 401']"", ""['HIST 535', 'HIST 615', 'HIST 635']"", ""['HIST 387']"", ""['ENGH 497', 'ENGH 513']"", ""['HNRS 130']"", ""['HIST 304']"", ""['ENGH 419']"", ""['ECED 402', 'ECED 502']"", ""['LING 306']"", ""['EAP 097']"", ""['HIST 300']"", ""['CRIM 490', 'RELI 364']"", ""['ENGH 650']"", ""['ENGH 442']"", ""['EDCD 609']"", ""['GOVT 344']"", ""['ENGH 323']"", ""['BIOL 330']"", ""['COMM 690', 'COMM 890', 'HNRS 131']"", ""['HIST 125']"", ""['HIST 388']"", ""['ENGH 202', 'HNRS 353']"", ""['ENGH 202']"", ""['AE 042']""]","To ensure reliable, accurate, and timely data, which are necessary to monitor the progress of education in the United States, Congress has mandated that the National Center for Education Statistics (nces) produce an annual report, ""The Condition of Education."" This year's report presents 50 indicators of important developments and trends in U.S. education. These indicators focus on participation and persistence in education, student performance and other measures of achievement, the environment for learning, and resources for education. The report also uses a group of the indicators to take a closer look at changes in postsecondary education in the United States by institution level and control. As more students in the United States pursue education beyond high school, the distribution of students across institutions, such as public, private not-for-profit, and private for-profit, has been shifting. The authors take a look at these changes to see how they are reshaping postsecondary education. Appended are: (1) Supplemental Tables; (2) Supplemental Notes; (3) Glossary; (4) Bibliography; and (5) Index. (Contains 111 tables and 110 figures.) [To access the e-book version of this document, see http://nces.ed.gov/pubsearch/pubsinfo.asp?pubid=2011033. For ""The Condition of Education 2010. nces 2010-028,"" see ed509940. For ""The Condition of Education 2011 in Brief. Nces 2011-034,"" see ed520003.].",,https://www.googleapis.com/books/v1/volumes?key=AIzaSyAgszsKLEg7nfzmp-cNM2ep1tihrR_RXBk&q=97803112,
5,97803912,THINGS FALL APART,ACHEBE,"[""['HNRS 230']"", ""['ENGH 513']"", ""['SOCI 332']"", ""['MUSI 438']"", ""['ENGH 400']"", ""['ENGH 398']"", ""['GLOA 720', 'SOCI 412']"", ""['ECON 306']"", ""['MUSI 113', 'MUSI 213']"", ""['RELI 320']"", ""['CS 688']"", ""['GOVT 744']"", ""['ENGH 101', 'ENGH 302']"", ""['ENGH 101']"", ""['ENGH 101', 'NCLC 203']"", ""['MUSI 331', 'MUSI 332', 'MUSI 432']"", ""['MUSI 331']"", ""['MUSI 332']"", ""['MUSI 432']"", ""['HIST 272']"", ""['HIST 100']"", ""['HIST 387']"", ""['MATH 661']"", ""['ENGH 201']"", ""['ENGH 650']"", ""['ENGH 421', 'ENGH 625']"", ""['ECON 365', 'HNRT 228']"", ""['ECON 496', 'GOVT 307']"", ""['HIST 357']"", ""['HIST 252']"", ""['ENGH 432', 'ENGH 645']"", ""['JAPA 340']"", ""['FAVS 280']"", ""['RELI 313']"", ""['MUSI 101']"", ""['PSYC 324']"", ""['THR 151']"", ""['HNRS 130']"", ""['ENGH 351']"", ""['HIST 610']"", ""['PSYC 231']"", ""['NCLC 203']"", ""['HIST 620']"", ""['ENGH 302']"", ""['EDUC 800', 'ENGH 101', 'ENGH 302', 'ENGH 305', 'ENGH 401']"", ""['ENGH 202']"", ""['ENGH 323']"", ""['ENGH 322']"", ""['SPMT 322']"", ""['CSI 772']"", ""['HIST 304']"", ""['SOCI 309']"", ""['MUSI 301']"", ""['SYST 664']"", ""['ENGH 442']"", ""['GLOA 720']"", ""['MATH 621']"", ""['NCLC 322']"", ""['ACCT 361']"", ""['PSYC 461', 'PSYC 592']"", ""['GOVT 103']"", ""['SOCW 624']"", ""['HIST 535', 'HIST 615', 'HIST 635']"", ""['HIST 387', 'HIST 389']"", ""['THR 381', 'THR 480']"", ""['NCLC 422']"", ""['CSI 973', 'STAT 973']"", ""['GOVT 467']"", ""['EDCD 609']"", ""['ARAB 325', 'ENGH 513']"", ""['CULT 804']"", ""['GOVT 322']"", ""['PHIL 253']"", ""['FNAN 341']"", ""['TOUR 460']"", ""['ECON 360']"", ""['HIST 623']"", ""['GCH 360']"", ""['ENGH 310']"", ""['BIOD 706', 'GOVT 739']"", ""['GCH 320']"", ""['GOVT 319', 'WMST 450', 'WMST 550']"", ""['ECON 496', 'ECON 827']"", ""['HDFS 300']"", ""['GLOA 450', 'GLOA 599']"", ""['ENGH 202', 'HNRS 122']"", ""['ENGH 201', 'ENGH 309']"", ""['EDSE 619']"", ""['GAME 332']"", ""['ENGH 201', 'NCLC 317']"", ""['ENGH 201', 'ENGH 302', 'HIST 100']"", ""['ECON 309']"", ""['ENGH 526']"", ""['HIST 122']"", ""['HIST 121']"", ""['HNRS 353']"", ""['CRIM 782']"", ""['AFAM 200']"", ""['HIST 615']"", ""['GOVT 101']""]","Vols. for 1874-76 include also ""Transactions of the Kansas Academy of Science.""",,https://www.googleapis.com/books/v1/volumes?key=AIzaSyAgszsKLEg7nfzmp-cNM2ep1tihrR_RXBk&q=97803912,
6,97814512,CRIMINAL PROCEDURE,ACKER,"[""['CRIM 424']"", ""['HEAL 327']"", ""['EDRS 797']"", ""['EDUC 815']"", ""['CRIM 315']"", ""['SPMT 430']"", ""['NEUR 461', 'PSYC 461', 'PSYC 592']"", ""['GOVT 301']"", ""['GOVT 446']"", ""['STAT 515', 'STAT 763']"", ""['CRIM 408']"", ""['CTCH 710', 'EDIT 590']"", ""['EDCI 519']"", ""['EDRS 822']"", ""['EDUC 624']"", ""['GCH 310']"", ""['GOVT 423']"", ""['HAP 309']"", ""['GOVT 311']"", ""['EDRD 610']"", ""['COMM 350', 'COMM 412', 'GOVT 412']"", ""['NUTR 675']"", ""['COMM 301']"", ""['GOVT 452']"", ""['CRIM 312', 'CRIM 401']"", ""['KINE 100']"", ""['PHED 178']"", ""['GCH 205']"", ""['EDRS 810']"", ""['NCLC 404']"", ""['KINE 310']"", ""['CS 682']"", ""['GAME 310']"", ""['GOVT 364']"", ""['ECON 309', 'ECON 370', 'ECON 385', 'ECON 812', 'GOVT 368']"", ""['EVPP 362', 'GOVT 362']"", ""['GOVT 356']"", ""['NCLC 337']"", ""['EDCI 473', 'EDCI 573']"", ""['NURS 665']"", ""['GOVT 332']"", ""['KINE 330', 'SPMT 210']"", ""['CONF 345']"", ""['HAP 392']"", ""['CTCH 710']"", ""['HHS 432']"", ""['GCH 722']"", ""['SOCI 101']"", ""['PUAD 700']"", ""['PUAD 651']"", ""['NURS 860']"", ""['CS 504']"", ""['PSYC 300']"", ""['RHBS 416']"", ""['ENGH 201']"", ""['BIOL 382']"", ""['HAP 201']"", ""['HAP 310']"", ""['GOVT 329']"", ""['CRIM 210']"", ""['SPMT 618']"", ""['PHED 274']"", ""['COMM 615']"", ""['EDRS 826']""]",Description Not Found,,https://www.googleapis.com/books/v1/volumes?key=AIzaSyAgszsKLEg7nfzmp-cNM2ep1tihrR_RXBk&q=97814512,
7,97812812,METEOROLOGY:UNDERSTANDING...-W/ACCESS,ACKERMAN,"[""['GGS 309']"", ""['SPMT 201']"", ""['NURS 785']"", ""['GCH 300', 'GCH 310']"", ""['NURS 436']"", ""['FRSC 201', 'FRSC 302']"", ""['HEAL 310']"", ""['NURS 453']"", ""['NURS 727']"", ""['NURS 336']"", ""['GCH 300']"", ""['NURS 766']"", ""['GCH 325']"", ""['HAP 301']"", ""['HAP 301', 'HAP 678']"", ""['HAP 706']"", ""['GCH 205']"", ""['HAP 686']"", ""['GCH 645', 'HAP 742']""]",Description Not Found,,https://www.googleapis.com/books/v1/volumes?key=AIzaSyAgszsKLEg7nfzmp-cNM2ep1tihrR_RXBk&q=97812812,
8,97806812,NATURAL HISTORY OF THE SENSES,ACKERMAN,"[""['AVT 307']"", ""['HIST 329']"", ""['HIST 336']"", ""['ENGH 305']"", ""['PHIL 336']"", ""['ENGH 201', 'PHIL 253']"", ""['ENGH 201', 'HNRS 122']"", ""['HNRS 122']"", ""['HIST 272']"", ""['ENGH 204', 'ENGH 351']"", ""['HIST 615']"", ""['ENGH 204']"", ""['ENGH 442']"", ""['ENGH 201']"", ""['GOVT 520', 'HNRS 130']"", ""['CULT 860', 'SOCI 712']"", ""['PHIL 421', 'PHIL 422', 'PHIL 615']"", ""['SOCI 332']"", ""['HNRS 130']"", ""['GOVT 744']"", ""['ENGH 201', 'ENGH 202', 'ENGH 309']"", ""['NCLC 317']"", ""['ENGH 202', 'HIST 535', 'HIST 615', 'HIST 635']"", ""['ENGH 204', 'ENGH 355']"", ""['PHIL 253']"", ""['WMST 100']"", ""['GOVT 444']"", ""['ENGH 355']"", ""['ME 313']"", ""['FNAN 454']"", ""['NCLC 312']"", ""['ECON 385']"", ""['ENGH 309']"", ""['ENGH 201', 'ENGH 302', 'HIST 100']"", ""['HIST 620']"", ""['RELI 235']"", ""['HIST 535', 'HIST 615', 'HIST 635']"", ""['EDRS 812']"", ""['ARTH 394', 'ARTH 594', 'AVT 407', 'AVT 507']"", ""['WMST 450', 'WMST 550']""]",Description Not Found,,https://www.googleapis.com/books/v1/volumes?key=AIzaSyAgszsKLEg7nfzmp-cNM2ep1tihrR_RXBk&q=97806812,
9,97807412,BIOL 311:GENETICS LAB MAN >C<,ADAMKEWICZ,"[""['BIOL 311']"", ""['PUAD 651']"", ""['SPMT 201']"", ""['PHED 274']"", ""['PHED 175']"", ""['CONF 706']"", ""['GOVT 446']"", ""['HNRS 230']"", ""['KINE 200']"", ""['SOCI 309']"", ""['EDRD 300']"", ""['ENGH 399']"", ""['WMST 100']"", ""['KINE 330']"", ""['SPMT 412']"", ""['PHED 131']"", ""['PHED 129', 'PHED 130']"", ""['RHBS 746']"", ""['HDFS 300']"", ""['BIOL 103']"", ""['AFAM 200']"", ""['HIST 387']"", ""['HIST 378']"", ""['SPMT 614']"", ""['CS 100']"", ""['ECON 415']"", ""['SPMT 202']"", ""['THR 482']"", ""['HNRS 240']"", ""['SOCI 860']"", ""['CFRS 775', 'CFRS 780']"", ""['BIOL 104']"", ""['THR 496']"", ""['ENGH 201']"", ""['SPMT 304']"", ""['ARTH 103']"", ""['NEUR 461', 'PSYC 461', 'PSYC 592']"", ""['EDLE 634']"", ""['GOVT 490']"", ""['BIOL 330', 'EVPP 301']"", ""['HIST 272']""]",Description Not Found,,https://www.googleapis.com/books/v1/volumes?key=AIzaSyAgszsKLEg7nfzmp-cNM2ep1tihrR_RXBk&q=97807412,
10,97805212,MESOAMERICA P 2(CAMB HIST /NTV PEOPLE V2,ADAMS,"[""['ANTH 396']"", ""['ECON 854']"", ""['SWE 437', 'SWE 637']"", ""['GOVT 744']"", ""['SOCW 653']"", ""['ENGH 681']"", ""['GCH 320']"", ""['SOCI 412']"", ""['CULT 860', 'SOCW 645']"", ""['AE 014']"", ""['RELI 313']"", ""['CRIM 475']"", ""['ENGH 685']"", ""['NCLC 355']"", ""['EDCI 510']"", ""['GOVT 510']"", ""['BENG 499', 'BENG 590']"", ""['CONF 399', 'WMST 300']"", ""['ANTH 376', 'ANTH 699']"", ""['HNRS 131']"", ""['GCH 405']"", ""['GOVT 500']"", ""['HIST 610']"", ""['GOVT 540', 'GOVT 741']"", ""['CS 321', 'INFS 622', 'SWE 621']"", ""['GEOL 315']"", ""['ECON 103', 'ECON 309', 'ECON 385']"", ""['ECON 306']"", ""['CLIM 690']"", ""['MATH 686']"", ""['HIST 711']"", ""['SPMT 620']"", ""['CULT 860']"", ""['SOCI 332']"", ""['GOVT 745']"", ""['AE 040']"", ""['RELI 645']"", ""['ECE 630']"", ""['HIST 635']"", ""['ARTH 394', 'ARTH 594']"", ""['HNRS 230']"", ""['BIOL 408', 'EVPP 408']"", ""['ECON 826']"", ""['HIST 643']"", ""['GOVT 327']"", ""['ECON 335', 'GOVT 530']"", ""['STAT 778']"", ""['ANTH 490', 'ANTH 536']"", ""['RELI 272']"", ""['CLAS 390']"", ""['NCLC 314']"", ""['ECON 460', 'GOVT 469', 'PHIL 460']"", ""['HIST 387']"", ""['NCLC 475']"", ""['ENGH 681', 'SOCW 653']"", ""['GOVT 540']"", ""['HIST 389']"", ""['ENGH 455']"", ""['HIST 535', 'HIST 615', 'HIST 635']"", ""['ANTH 536']"", ""['ARTH 482', 'ARTH 599']"", ""['AVT 307']"", ""['FRSC 580']"", ""['GOVT 741']""]",,,,
11,9780812,"OLD DOMINION,INDUSTRIAL COMMONWEALTH",ADAMS,"[""['HIST 615']"", ""['GOVT 520', 'HIST 535', 'HIST 615', 'HIST 635']"", ""['GOVT 327', 'GOVT 731']"", ""['CLAS 260']"", ""['HIST 635']"", ""['PHIL 253']"", ""['PSYC 754', 'PSYC 892']"", ""['CULT 860']"", ""['CULT 804']"", ""['ENGH 455']"", ""['HNRS 131', 'HNRS 230']"", ""['ECON 360']"", ""['ECON 360', 'ECON 460', 'GOVT 469', 'PHIL 460']"", ""['GCH 450']"", ""['HIST 643']"", ""['PHIL 421', 'PHIL 422', 'PHIL 615']"", ""['PSYC 612']"", ""['PHIL 336']"", ""['ANTH 699']"", ""['CTCH 621']"", ""['GOVT 745']"", ""['GOVT 540']"", ""['ANTH 399', 'ANTH 699']"", ""['SOCI 660', 'SOCI 860']"", ""['RHBS 746']"", ""['HNRS 230']"", ""['HNRS 240']"", ""['HIST 252']"", ""['HIST 378']"", ""['EDUC 887']"", ""['CRIM 405']"", ""['ECON 840']"", ""['RELI 100']"", ""['EDLE 791']"", ""['GOVT 744']"", ""['HAP 403']"", ""['BIOD 706', 'GOVT 739']"", ""['HIST 620']"", ""['CTCH 602']"", ""['CLAS 350']"", ""['EDRS 826']"", ""['HIST 100', 'HIST 125']"", ""['NURS RN RETRN']"", ""['GOVT 741']"", ""['GGS 399', 'GGS 590']"", ""['ARTH 102']""]",,,,
12,97816212,VANDEGRAAFF'S PHOTO.ATLAS F/BIOLOGY LAB,ADAMS,"[""['BIOL 330']"", ""['EDEP 654']"", ""['MUSI 102']"", ""['CONF 330']"", ""['SPAN 110', 'SPAN 115', 'SPAN 210']"", ""['SPAN 250']"", ""['BIOL 124', 'BIOL 125', 'BIOL 431']"", ""['FNAN 341']"", ""['ECED 512']"", ""['GOVT 312', 'GOVT 319']"", ""['SPMT 318']"", ""['THR 482']"", ""['THR 315']"", ""['ACCT 461', 'ACCT 561']"", ""['HNRS 230']"", ""['ENGH 608']"", ""['ENGH 202']"", ""['HIST 697']"", ""['CS 504']"", ""['CTCH 624']"", ""['MUSI 730']"", ""['NCLC 455']"", ""['COMM 388']""]",,,,
13,9780212,CORE SYNTAX:MINIMALIST APPROACH,ADGER,"[""['LING 486', 'LING 786']"", ""['HIST 272']"", ""['CONF 310']"", ""['PHIL 100']"", ""['HNRS 230']"", ""['ENGH 325']"", ""['PHIL 371']"", ""['MUSI 491']"", ""['HNRS 130']"", ""['ECON 826']"", ""['GCH 450']"", ""['ISA 562']"", ""['HIST 615']"", ""['SOCI 860']"", ""['CRIM 320']"", ""['PHIL 309']"", ""['JAPA 350']"", ""['MGMT 413']"", ""['ENGH 526']"", ""['ENGH 400']"", ""['BIOL 449', 'EVPP 449', 'EVPP 505']"", ""['HIST 125']"", ""['GOVT 490']"", ""['GGS 316', 'GGS 533']"", ""['AVT 457']"", ""['ENGH 201']"", ""['ENGH 421', 'ENGH 625']"", ""['COMM 203']"", ""['RELI 100']"", ""['HIST 643']"", ""['COMM 433']"", ""['ECON 871']"", ""['CLIM 754']"", ""['HHS 818']"", ""['GLOA 450', 'GOVT 444']"", ""['ENGH 412']"", ""['HIST 389']"", ""['RELI 235']"", ""['HIST 610']"", ""['SOCI 313', 'SOCW 312']"", ""['MUSI 438']"", ""['HIST 322']"", ""['COMM 305']"", ""['HIST 357']"", ""['CS 499']"", ""['MGMT 471']"", ""['RELI 211']"", ""['MUSI 553']"", ""['GOVT 444']"", ""['MUSI 251']"", ""['PHIL 311']"", ""['HIST 389', 'RELI 332']"", ""['PHIL 391']"", ""['GOVT 319', 'HIST 389', 'SOCI 395', 'WMST 307']"", ""['STAT 655']"", ""['GOVT 520']"", ""['HDFS 401']"", ""['CRIM 310']"", ""['ECON 496', 'ECON 827']"", ""['ECE 220']"", ""['CONF 340']"", ""['PRLS 300']"", ""['SWE 619']"", ""['ECON 308']"", ""['HIST 373']"", ""['ARAB 325', 'ENGH 309', 'ENGH 513']"", ""['SOCI 412', 'SOCI 712']"", ""['HIST 535', 'HIST 615', 'HIST 635']"", ""['MUSI 431']"", ""['ARTH 102']"", ""['ECON 345']"", ""['GGS 415']"", ""['EDSE 846']"", ""['RELI 313']"", ""['SPAN 390']"", ""['RELI 212']"", ""['ENGH 204']"", ""['HIST 691']"", ""['PHIL 253']"", ""['ARTH 482', 'ARTH 599']"", ""['CRIM 490', 'CRIM 795', 'PSYC 461', 'PSYC 892']"", ""['NCLC 446']"", ""['MUSI 100']"", ""['RELI 379']"", ""['ECE 305']"", ""['GOVT 753', 'PUAD 703']"", ""['MKTG 481']"", ""['ECE 333']"", ""['ECE 433']"", ""['ENGH 324']"", ""['ENGH 201', 'HNRS 353']"", ""['SOCI 302']"", ""['HIST 620']"", ""['GOVT 744']"", ""['CLAS 350']"", ""['HIST 623']"", ""['MUSI 102']"", ""['GLOA 101', 'GOVT 101']"", ""['COMM 455']"", ""['TCOM 515']"", ""['HIST 499']"", ""['GOVT 745']"", ""['GOVT 422']"", ""['ENGH 388']"", ""['HAP 310', 'PHIL 309']"", ""['CLAS 390']"", ""['GOVT 101']"", ""['ANTH 114']"", ""['ENGH 318']"", ""['HNRS 353']"", ""['HIST 364']""]",,,,
14,9781112,WE SHOULD ALL BE FEMINISTS,ADICHIE,"[""['HNRS 130']"", ""['HIST 499']"", ""['ENGH 309']""]",,,,
15,97814212,WHITE TIGER,ADIGA,"[""['EDCI 479', 'EDCI 669']"", ""['SOCI 660', 'SOCI 860']"", ""['NCLC 395']"", ""['STAT 515', 'STAT 763']"", ""['ENGH 343']"", ""['NCLC 405']"", ""['HIST 535', 'HIST 615', 'HIST 635', 'HIST 643']"", ""['HIST 499']"", ""['GOVT 444', 'GOVT 739']"", ""['MGMT 464']"", ""['FRSC 512']"", ""['MUSI 113', 'MUSI 213']"", ""['NCLC 475']"", ""['EDLE 616']"", ""['PLGL 101', 'PLGL 104', 'PLGL 400']"", ""['EDSE 635']"", ""['IT 106', 'IT 196']"", ""['FRSC 200', 'FRSC 302']"", ""['SYST 508']"", ""['MBA 730']"", ""['CTCH 621']"", ""['MUSI 454']"", ""['ENGH 660']"", ""['NCLC 422']""]",,,,
16,97808712,EVOLUTION OF POLITICAL PARTIES CAMPAIGN,ADKINS,"[""['GOVT 312']"", ""['ENGH 488', 'ENGH 697']"", ""['ARAB 325']"", ""['PHIL 303']"", ""['EDCI 473', 'EDCI 573']"", ""['ENGH 610']"", ""['RELI 235']"", ""['EDRD 300', 'EDRD 501']"", ""['ENGH 346']"", ""['PHIL 253']"", ""['EDUC 800']"", ""['HNRS 130']"", ""['COMM 332']"", ""['GEOL 320']"", ""['ENGH 201']"", ""['HNRS 131']"", ""['ENGH 333']"", ""['ARTH 482', 'ARTH 599']"", ""['PHIL 100']"", ""['CHEM 313', 'CHEM 314']"", ""['EDUC 845']"", ""['PRLS 300']"", ""['GOVT 520']"", ""['PRLS 533']"", ""['CONF 210']"", ""['ENGH 315']"", ""['FNAN 454']"", ""['PHIL 100', 'PHIL 253']"", ""['PHIL 681']"", ""['RELI 645']"", ""['GOVT 731']"", ""['ECON 385', 'ECON 827', 'ECON 895', 'ENGH 346']"", ""['EDCI 666']"", ""['ECON 496', 'ECON 827']"", ""['GGS 415']"", ""['MUSI 251']"", ""['THR 482']"", ""['CLAS 250']"", ""['ECON 854']"", ""['ECON 385']"", ""['CONF 490']""]",,,,
17,97800812,COMMUNICATING AT WORK,ADLER,"[""['COMM 320', 'FM 200']"", ""['MBUS 301', 'MGMT 312', 'PRLS 410']"", ""['MGMT 312']"", ""['MKTG 313']"", ""['ECON 496', 'FNAN 311', 'FNAN 411']"", ""['SPAN 305', 'SPAN 306', 'SPAN 309']"", ""['ECE 301', 'ECE 331']"", ""['ACCT 433', 'ACCT 630']"", ""['SPMT 304']"", ""['EDUC 301', 'EDUC 537']"", ""['MBUS 300']"", ""['SOCI 101']"", ""['BIOD 725', 'GOVT 739', 'PUAD 738']"", ""['ECON 306']"", ""['MBUS 303']"", ""['MKTG 301', 'MKTG 303']"", ""['CONF 320']"", ""['FNAN 300']"", ""['COMM 400']"", ""['MGMT 303']"", ""['PSYC 324']"", ""['BUS 100']"", ""['NUTR 651']"", ""['BIOL 140']"", ""['ACCT 301', 'ACCT 330', 'BMGT 613']"", ""['MIS 102']"", ""['HNRS 230']"", ""['PSYC 435', 'PSYC 638']"", ""['EDEP 632']"", ""['GGS 311']"", ""['PHIL 309']"", ""['ACCT 672']"", ""['FNAN 401', 'MBA 643']"", ""['FNAN 401']"", ""['BUS 498']"", ""['FNAN 321']"", ""['MBA 703']"", ""['PSYC 301']"", ""['CHEM 211', 'CHEM 212']"", ""['ACCT 331', 'ACCT 332']"", ""['PSYC 314']"", ""['CRIM 410']"", ""['CRIM 401']"", ""['EDCI 790']"", ""['ACCT 204']"", ""['SPMT 320']""]",,,,
18,97809312,ENGLISH GRAMMAR FOR STUDENTS OF ITALIAN,ADORNI,"[""['ITAL 110']"", ""['ENGH 619']"", ""['AVT 413', 'AVT 519']"", ""['PSYC 592']""]",,,,
19,97802312,AESCHYLUS I/ORESTEIA,AESCHYLUS,"[""['CLAS 350', 'PHIL 253']"", ""['SOCI 712']"", ""['FAVS 280']"", ""['EDRS 824']"", ""['HIST 643']"", ""['HNRS 130']"", ""['ANTH 536', 'BIS 300', 'BIS 390', 'COMM 798', 'CS 390', 'ECON 309', 'ENGH 302']"", ""['HNRS 353']"", ""['GOVT 331']"", ""['CRIM 220']"", ""['HIST 635']"", ""['EDRS 822']"", ""['SOCI 660', 'SOCI 860']"", ""['PHIL 421', 'PHIL 422', 'PHIL 615']"", ""['RELI 313']"", ""['EDRS 812']"", ""['HIST 623']"", ""['KORE 311']"", ""['HIST 272']"", ""['ECON 330']"", ""['BIOD 725', 'CRIM 475', 'GOVT 739', 'PUAD 738']"", ""['ENGH 302']"", ""['CLAS 390']"", ""['EDUC 887']"", ""['CONF 345']"", ""['GOVT 444']"", ""['HIST 610']"", ""['CHIN 311']"", ""['ENGH 309']"", ""['CTCH 602']"", ""['PSYC 405']"", ""['ENGH 201']"", ""['CHIN 310']"", ""['EDUC 878']"", ""['GEOL 403']"", ""['GOVT 753', 'PUAD 703']"", ""['BUS 200']"", ""['GOVT 741']"", ""['ITAL 325']"", ""['RELI 272']"", ""['GOVT 745']"", ""['SOCW 624']"", ""['GOVT 731']"", ""['HIST 688']"", ""['AE 050']"", ""['HNRS 230']"", ""['RELI 420', 'RELI 636']"", ""['GOVT 510']"", ""['RELI 320']"", ""['PHIL 253']"", ""['GOVT 520']"", ""['HIST 300', 'HIST 499', 'HIST 610', 'MUSI 432', 'MUSI 438']"", ""['RELI 317']"", ""['CONF 399', 'WMST 300']"", ""['CONF 301']"", ""['ECON 410', 'ECON 854']"", ""['ENGH 442']""]",,,,
20,97833212,DATA MINING:THE TEXTBOOK,AGGARWAL,"[""['GGS 787']"", ""['CRIM 405']"", ""['IT 415']""]",,,,
21,9781612,EQUITY+FULL PARTICIPATION F/INDIV...,AGRAN,"[""['EDSE 447', 'EDSE 547']"", ""['NCLC 475']"", ""['EVPP 490', 'EVPP 505']"", ""['ECED 406', 'ECED 506']"", ""['EDSE 403', 'EDSE 503']"", ""['EDAT 421', 'EDAT 521', 'EDSE 434', 'EDSE 534']"", ""['SOCI 480', 'SPMT 475']"", ""['ENGH 486']"", ""['ECED 503']"", ""['PHIL 100']"", ""['MUSI 113', 'MUSI 213']"", ""['HIST 623']"", ""['GOVT 753', 'PUAD 703']"", ""['ENGH 202']"", ""['GOVT 422']"", ""['GOVT 490']"", ""['ENGH 401', 'SPAN 390']"", ""['COMM 371']"", ""['ENGH 497', 'ENGH 608']"", ""['ENGH 343']"", ""['HNRS 230']"", ""['EDSE 635']"", ""['ENGH 121']"", ""['PROV 105', 'PROV 106']"", ""['GCH 360']"", ""['GCH 691']"", ""['HIST 388']"", ""['EDRD 515']"", ""['CFRS 730']"", ""['ECED 402', 'ECED 502', 'EDUC 845']"", ""['CFRS 760']"", ""['GOVT 520']"", ""['EDLE 636']""]",,,,
22,97804712,INTRO.TO CATEGORICAL DATA ANALYSIS,AGRESTI,"[""['STAT 560']"", ""['SOCI 480', 'SPMT 475']"", ""['BIOL 404']"", ""['ECON 345']"", ""['COMM 303']"", ""['ECON 826']"", ""['GOVT 322']"", ""['CTCH 624']"", ""['ENGH 615']"", ""['ME 323']"", ""['STAT 554']"", ""['COMM 389']"", ""['MATH 214']"", ""['EDPD 504']"", ""['HEAL 331']"", ""['ECE 550', 'SYST 520']"", ""['CFRS 661', 'TCOM 661']"", ""['AE 080']"", ""['HAP 735']"", ""['OR 642']"", ""['ECE 448']"", ""['EDIT 611', 'NCLC 345']"", ""['BIOL 581', 'EVPP 581']"", ""['FNAN 430']"", ""['SWE 625']"", ""['AE 050']"", ""['AE 060']"", ""['GCH 360']"", ""['SOCW 312']"", ""['AE 023']"", ""['BIOD 605']"", ""['OR 647']"", ""['PSYC 645']"", ""['HIST 535', 'HIST 615', 'HIST 635']"", ""['PLGL 101', 'PLGL 104', 'PLGL 400']"", ""['GCH 376']"", ""['NCLC 314', 'SOCW 678']"", ""['TCOM 631']"", ""['IT 300']"", ""['CEIE 370']"", ""['TCOM 590']"", ""['TCOM 690']"", ""['MATH 314', 'ME 351']"", ""['MATH 314']"", ""['AVT 416', 'AVT 519']"", ""['MGMT 461']"", ""['PUAD 659']"", ""['BIOL 374', 'GGS 321']"", ""['CLIM 411']"", ""['ISA 673']"", ""['CONF 210']"", ""['PUAD 660']"", ""['TCOM 611']"", ""['BIOL 355', 'EVPP 355']"", ""['ECE 684']"", ""['STAT 654']"", ""['GGS 101']"", ""['HAP 686', 'HAP 735', 'PSYC 340', 'SWE 205']"", ""['PHYS 306']"", ""['INFS 770']"", ""['GOVT 422']"", ""['TCOM 521']"", ""['AE 074']"", ""['PUAD 505']"", ""['CEIE 601']"", ""['MATH 315', 'MATH 316']"", ""['EDIT 413']"", ""['GCH 691']"", ""['TCOM 535', 'TCOM 561']"", ""['EDCD 601']"", ""['COMM 455']"", ""['CTCH 644']"", ""['CEIE 440', 'CEIE 540']"", ""['TOUR 220']"", ""['CFRS 770']"", ""['CHEM 614']"", ""['ECON 306']"", ""['CHEM 445']"", ""['PSYC 211']"", ""['NCLC 431']"", ""['GBUS 540']"", ""['EDLE 634']"", ""['BENG 301']"", ""['EDUC 800']"", ""['FRSC 302']"", ""['GGS 300', 'GGS 560']"", ""['EDCD 608']"", ""['ARTH 420']""]",,,,
23,97801312,WORLD HUNGER+MORALITY,AIKEN,"[""['PHIL 309']"", ""['CRIM 306']"", ""['EDSE 402', 'EDSE 502']"", ""['CYSE 101']"", ""['PSYC 231']"", ""['AE 030']"", ""['PSYC 405']"", ""['EDCI 555', 'EDCI 556']"", ""['ENGH 302']"", ""['SYST 330']"", ""['AE 015']"", ""['SOM 301']"", ""['IT 223']"", ""['EDCI 472', 'EDCI 672']"", ""['EDRS 630']"", ""['AE 036']"", ""['EDRD 631']"", ""['CS 367', 'CS 475']"", ""['CRIM 230']"", ""['ENGH 396']"", ""['EDCD 652']"", ""['GGS 303']"", ""['COMM 375']"", ""['CEIE 331']"", ""['STAT 362']"", ""['EDSE 619', 'EDSE 621', 'EDSE 623']"", ""['ECON 415', 'ECON 840']"", ""['CS 475']"", ""['CEIE 576']"", ""['AE 048']"", ""['CFRS 730']"", ""['CS 531']"", ""['SWE 642']"", ""['SWE 510']"", ""['EDSE 517']"", ""['EDCI 776']"", ""['EDCD 604']"", ""['EDCI 519']"", ""['EDPD 501']"", ""['GOVT 311']"", ""['CRIM 100']"", ""['HIST 697']"", ""['SPMT 412']"", ""['ECED 513']"", ""['EDRD 300', 'EDRD 419', 'EDRD 501', 'EDRD 619']"", ""['EDRD 419', 'EDRD 619']"", ""['EDSE 403', 'EDSE 503']"", ""['MATH 322']"", ""['SYST 210', 'SYST 505', 'SYST 618']"", ""['EDCI 776', 'EDSE 662']"", ""['EDSE 662']"", ""['AE 052', 'AE 062']"", ""['EDCD 602']"", ""['EDRS 812']"", ""['EDLE 618']"", ""['MATH 125']"", ""['STAT 250']"", ""['CS 687']"", ""['ECON 637']"", ""['SPAN 115']"", ""['EDCI 519', 'EDCI 684']"", ""['GOVT 452']"", ""['EDSE 401', 'EDSE 501']"", ""['EDSE 501']"", ""['CS 222']"", ""['ECE 685']"", ""['NURS 457']"", ""['MBUS 306', 'OM 301', 'OM 303']"", ""['OM 301', 'OM 303']"", ""['OM 301']"", ""['EDCI 777']"", ""['EDCI 520']"", ""['EDRD 515']"", ""['ANTH 536', 'ME 231']"", ""['ME 211']"", ""['CEIE 210']"", ""['CEIE 310', 'ME 212']"", ""['CEIE 311']"", ""['ECON 330']"", ""['CEIE 635']"", ""['ACCT 311']"", ""['FRSC 500']"", ""['FNAN 412']"", ""['OR 588', 'SYST 488', 'SYST 588']"", ""['FAVS 260']"", ""['GGS 760']"", ""['EDUC 872']"", ""['ECE 565']"", ""['ISA 562', 'ISA 656']"", ""['CEIE 203']"", ""['CS 262', 'CS 531', 'STAT 778']"", ""['CRIM 400']"", ""['PHIL 173']"", ""['MKTG 471']"", ""['TOUR 412']"", ""['MIS 310']"", ""['ECON 390']"", ""['EVPP 641']"", ""['CYSE 230', 'ECE 465', 'INFS 612']"", ""['AE 024']"", ""['AE 046']"", ""['ACCT 742']"", ""['MATH 203']"", ""['SPMT 420']"", ""['AE 072']"", ""['MIS 302']"", ""['BIOL 124', 'BIOL 125']"", ""['BIOL 431']"", ""['CEIE 355']"", ""['ECE 201']"", ""['CEIE 340']"", ""['EDEP 632']"", ""['EDRS 590', 'EDSE 590']"", ""['EDRS 590']"", ""['EDCI 559', 'EDCI 777']"", ""['ECED 511']"", ""['ECON 310']"", ""['ME 151']"", ""['EDRD 630']"", ""['MATH 431', 'MATH 631']"", ""['CRIM 490']"", ""['EDCD 610']"", ""['EDUC 372', 'EDUC 672']"", ""['EDUC 511']"", ""['EDSE 627']"", ""['AE 042']"", ""['PSYC 372']"", ""['CS 105', 'PHIL 112']"", ""['BIOL 103', 'BIOL 104']"", ""['CS 211']"", ""['EDIT 705']"", ""['EDRD 610']"", ""['ECON 385']"", ""['HIST 328']"", ""['MATH 776']"", ""['GGS 103']"", ""['FRSC 570']"", ""['AE 021']"", ""['AE 011']"", ""['IT 495', 'MBUS 304', 'MGMT 451']"", ""['EDSE 502']"", ""['EDIT 704']"", ""['CS 463']"", ""['BIOL 486']"", ""['PHYS 711']"", ""['RELI 100']"", ""['EDSE 661']"", ""['CRIM 475']"", ""['EDCI 479', 'EDCI 669']"", ""['CS 468', 'IT 466', 'TCOM 561']"", ""['IT 366']"", ""['HIST 125']"", ""['CEIE 301']"", ""['SWE 622']"", ""['OM 352']"", ""['EDRD 301']"", ""['MGMT 464', 'PSYC 467']"", ""['ECON 335']"", ""['BIOL 246', 'BIOL 305']"", ""['EDCI 552']"", ""['EDSE 628']"", ""['EDSE 428', 'EDSE 628']"", ""['TOUR 230']"", ""['PHYS 475', 'PHYS 575']"", ""['THR 450', 'THR 550']"", ""['PSYC 326']"", ""['PHYS 160']"", ""['STAT 554']"", ""['EDCI 555']""]",,,,
24,97806912,IDENTITY ECONOMICS,AKERLOF,"[""['ECON 370']"", ""['HIST 535', 'HIST 615', 'HIST 635']"", ""['ECON 385']"", ""['GOVT 744']"", ""['CULT 860']"", ""['ECON 410', 'ECON 854']"", ""['HIST 610']"", ""['CHIN 300', 'CHIN 301']"", ""['ECON 823']"", ""['ECON 306']"", ""['GOVT 753', 'PUAD 703']"", ""['HIST 615']"", ""['GOVT 345']"", ""['ECON 871']"", ""['ECON 415', 'ECON 840']"", ""['ARTH 420']"", ""['ENGH 419']"", ""['ENGH 310']"", ""['PLGL 101', 'PLGL 104', 'PLGL 400']"", ""['GOVT 731']"", ""['GOVT 510']"", ""['GOVT 500']"", ""['ECON 846']"", ""['ECON 812']"", ""['CS 100']"", ""['SPMT 620']"", ""['HIST 623']"", ""['HIST 387']"", ""['GOVT 490']"", ""['EDRD 610']"", ""['MATH 400']"", ""['SOCI 412']"", ""['AVT 407', 'AVT 507']"", ""['COMM 615']"", ""['GOVT 741']"", ""['ENGH 681']""]",,,,
25,97808212,DISGRACED,AKHTAR,"[""['THR 381', 'THR 480']"", ""['GOVT 520']"", ""['RELI 235']"", ""['WMST 450', 'WMST 550']"", ""['THR 496']"", ""['ENGH 305']"", ""['KORE 110']"", ""['KORE 210']"", ""['KORE 330']"", ""['KORE 250']"", ""['GOVT 731']"", ""['HIST 535', 'HIST 615', 'HIST 635']"", ""['HNRS 130']"", ""['HIST 635']"", ""['CULT 860']"", ""['CULT 804']"", ""['MATH 689']"", ""['HIST 615']"", ""['HIST 387']"", ""['PUAD 703']"", ""['ENGH 685']"", ""['THR 335']"", ""['CONF 399', 'GOVT 741', 'WMST 450', 'WMST 550']"", ""['EDUC 655', 'EDUC 657']"", ""['ENGH 650']"", ""['KORE 311']"", ""['NCLC 361']"", ""['PHIL 421', 'PHIL 422', 'PHIL 615']"", ""['GOVT 327', 'GOVT 731']"", ""['GOVT 745']"", ""['ENGH 419', 'ENGH 497', 'ENGH 608']"", ""['ENGH 660']"", ""['HIST 679']"", ""['RELI 379']"", ""['HIST 389']"", ""['ECON 330']"", ""['THR 101']"", ""['EDUC 303', 'EDUC 881']""]",,,,
26,97800612,YACOUBIAN BUILDING:A NOVEL,AL ASWANY,"[""['ENGH 513']"", ""['RELI 211']"", ""['MKTG 312']"", ""['SOCW 653']"", ""['ENGH 309']"", ""['NEUR 335', 'PSYC 592']"", ""['RELI 235']"", ""['HIST 499']"", ""['COMM 634']"", ""['COMM 690', 'COMM 890']"", ""['HIST 387']"", ""['SPMT 440']"", ""['ENGH 201']"", ""['PHIL 421', 'PHIL 422', 'PHIL 615']"", ""['HNRS 230']"", ""['CLAS 390']"", ""['ENGH 442']"", ""['HNRS 122']"", ""['HNRS 130']"", ""['ENGH 351', 'HNRS 130']"", ""['NCLC 475']"", ""['HIST 300']"", ""['ENGH 301']"", ""['EDRS 824']"", ""['HIST 389']"", ""['NCLC 355']"", ""['RELI 100']"", ""['ENGH 355']"", ""['ECON 496']"", ""['NCLC 316']"", ""['CULT 860']"", ""['RELI 341']"", ""['GOVT 490']"", ""['ENGH 685']"", ""['HIST 336']"", ""['PSYC 326']"", ""['PUAD 659']"", ""['ANTH 490', 'ENGH 302']""]",,,,
27,97807712,TUESDAYS WITH MORRIE,ALBOM,"[""['PRLS 210']"", ""['CTCH 701']"", ""['GOVT 490']"", ""['MKTG 407']"", ""['PUAD 703']"", ""['HAP 442']"", ""['MUSI 113', 'MUSI 213']"", ""['PHED 147']"", ""['HIST 387']""]",,,,
28,97806312,"IDENTITIES:RACE,CLASS,GENDER,+....",ALCOFF,"[""['GOVT 414']"", ""['MUSI 361']"", ""['THR 315']"", ""['ECON 871']"", ""['EVPP 677']"", ""['PSYC 669']"", ""['GOVT 741']""]",,,,
29,97808112,MOTIVATION FOR ACHIEVEMENT,ALDERMAN,"[""['EDEP 551']"", ""['ARTH 311', 'HIST 388']"", ""['EDUC 623']"", ""['NCLC 303']"", ""['EDUC 300']"", ""['ENGH 302']"", ""['THR 381', 'THR 480']"", ""['ENGH 318']"", ""['GGS 312']"", ""['CHEM 465']"", ""['EDLE 818']"", ""['ENGH 455']"", ""['EDCI 479', 'EDCI 669']"", ""['HIST 615']"", ""['GOVT 632']"", ""['HIST 387']"", ""['ENGH 201']"", ""['ENGH 497', 'ENGH 608']"", ""['RELI 235']"", ""['HNRS 130']"", ""['PSYC 754', 'PSYC 892']"", ""['HIST 620']"", ""['FM 205']"", ""['GLOA 450', 'GLOA 599']"", ""['HIST 535', 'HIST 615', 'HIST 635']"", ""['PHIL 336']"", ""['ENGH 202', 'ENGH 650']"", ""['SPMT 620']"", ""['FAVS 300']"", ""['FAVS 225']"", ""['GCH 645']"", ""['HNRS 230']"", ""['HIST 373']"", ""['ENGH 333']"", ""['HIST 711']"", ""['ENGH 202']"", ""['HIST 389', 'RELI 332']"", ""['ECON 854']"", ""['PHIL 391']"", ""['HIST 499']"", ""['EDUC 881']"", ""['EDUC 301']"", ""['GGS 415']"", ""['EDUC 615']"", ""['PHYS 308']"", ""['SOCI 395', 'SOCI 633', 'WMST 450', 'WMST 550']"", ""['COMM 385']"", ""['HIST 635']"", ""['PRLS 116']"", ""['HIST 336']"", ""['EDSE 621']"", ""['ENGH 526']"", ""['DANC 101']"", ""['ENGH 685']"", ""['EDIT 803']"", ""['GCH 320']"", ""['HIST 387', 'HIST 535', 'HIST 615', 'HIST 635']"", ""['ENGH 204', 'ENGH 419']"", ""['COMM 412', 'COMM 615', 'GOVT 412']"", ""['PHIL 253']"", ""['EDCI 510']"", ""['EDUC 887']"", ""['SOCI 712']"", ""['NCLC 404']"", ""['CULT 804']"", ""['NCLC 210']"", ""['HIST 388', 'RELI 376']"", ""['SOCW 687']"", ""['ENGH 615']"", ""['SPMT 322']"", ""['HIST 100']"", ""['SOCI 660', 'SOCI 860']"", ""['HDFS 401']"", ""['ENGH 346']"", ""['ENGH 432', 'ENGH 645']"", ""['HNRT 228']"", ""['RELI 100']"", ""['HIST 679']"", ""['CONF 706']"", ""['SOCI 302']"", ""['SOCW 678']"", ""['GOVT 331']"", ""['FM 100', 'FM 110', 'FM 115']"", ""['PRLS 170']"", ""['EDCD 609']"", ""['HIST 121']"", ""['HIST 623']"", ""['ANTH 490', 'ANTH 536']"", ""['HNRS 353']"", ""['ENGH 488', 'ENGH 697']"", ""['ENGH 301']"", ""['EDRD 610']"", ""['EDCI 567']""]",,,,
30,9780512,AMERICAN PUBLIC SCHOOL LAW,ALEXANDER,"[""['EDLE 612']"", ""['ARTH 311', 'HIST 388']"", ""['ARTH 102']"", ""['ARTH 101']"", ""['ARTH 360']"", ""['INFS 501']"", ""['JAPA 250']"", ""['MUSI 171', 'MUSI 172', 'MUSI 516']"", ""['HNRS 230']"", ""['GGS 302']"", ""['ARTH 204']"", ""['GOVT 308']"", ""['ANTH 120']"", ""['ARTH 384', 'CHIN 470']""]",,,,
31,97800712,FUNDAMENTALS OF ELECTRIC CIRCUITS,ALEXANDER,"[""['ECE 285', 'ECE 286']"", ""['MIS 411']"", ""['MGMT 431']"", ""['SPAN 305', 'SPAN 306', 'SPAN 309']"", ""['ME 221']"", ""['ECON 340']"", ""['EDIT 413']"", ""['HAP 417']"", ""['EDSE 664']"", ""['ECE 392', 'ECE 492', 'ECE 493']"", ""['TCOM 500', 'TCOM 514', 'TCOM 530']"", ""['THR 230']"", ""['IT 462']"", ""['RELI 235']"", ""['GBUS 540']"", ""['CONF 310']"", ""['ME 321']"", ""['MBA 708']"", ""['NURS 749']"", ""['ECE 586']"", ""['OR 335', 'SYST 335']"", ""['MUSI 353', 'MUSI 361']"", ""['MBA 712']"", ""['ECE 542']"", ""['ENGH 100']"", ""['RUSS 110', 'RUSS 210', 'RUSS 250']"", ""['FNAN 351']"", ""['NCLC 202']"", ""['MIS 320']"", ""['SYST 220']"", ""['MGMT 413']"", ""['HEAL 351']"", ""['IT 343']"", ""['MATH 551']"", ""['CONF 101']"", ""['CS 550']"", ""['BENG 380', 'BENG 381']"", ""['SYST 330']"", ""['ME 499']"", ""['CHEM 211']"", ""['CHEM 211', 'CHEM 212']"", ""['PSYC 314']"", ""['BIOL 301']"", ""['HAP 735']"", ""['COMM 200']"", ""['SPMT 201']""]",,,,
32,97802612,LEE KUAN YEW,ALLISON,"[""['GOVT 322']"", ""['LING 485', 'LING 785']"", ""['CS 689']"", ""['ARTH 315', 'HIST 388']"", ""['CS 583']"", ""['COMM 634']"", ""['ECON 360', 'ECON 385']"", ""['CSS 610', 'ECON 895', 'OR 649']"", ""['NEUR 461', 'NEUR 612', 'PHIL 694']"", ""['CULT 804']"", ""['SOCI 712']"", ""['BENG 699', 'NEUR 734']"", ""['AVT 472']"", ""['ECON 826']"", ""['ECON 871']"", ""['AVT 217', 'AVT 415']"", ""['ECON 370']"", ""['ECON 846']"", ""['BIOD 725', 'GOVT 739', 'PUAD 738']"", ""['GOVT 327', 'GOVT 731']""]",,,,
33,97811112,SNIFFY VIRTUAL RAT:PRO VERSION 3.0-W/CD,ALLOWAY,"[""['PSYC 304']"", ""['SOCI 860']"", ""['AE 033']"", ""['NUTR 421']"", ""['GOVT 540']"", ""['EDCI 510']"", ""['IT 194', 'IT 214']"", ""['ECED 405', 'ECED 505']"", ""['MATH 556']"", ""['HAP 202']"", ""['SOCI 120']"", ""['ECE 728']"", ""['GOVT 444']"", ""['HIST 615']"", ""['AE 065']"", ""['ECON 103']"", ""['HIST 387']"", ""['GOVT 741']"", ""['AE 052']"", ""['ECON 360']"", ""['ECON 460', 'GOVT 469', 'PHIL 460']"", ""['ECE 460']"", ""['PSYC 379']"", ""['GAME 101']"", ""['SYST 500']"", ""['FREN 310']"", ""['ACCT 701', 'MBA 701']"", ""['ACCT 701']"", ""['CHEM 315', 'CHEM 318']"", ""['BENG 101']"", ""['HNRS 230']"", ""['CEIE 412', 'CEIE 512']"", ""['GOVT 745']"", ""['SOCI 660', 'SOCI 860']"", ""['PROV 105']"", ""['ECON 637']"", ""['COMM 355']""]",,,,
34,97808912,WHEN YOU HAVE VISUALLY IMPAIRED STD PKG,AM F BLIND,"[""['EDSE 411', 'EDSE 511']"", ""['EDCD 656']"", ""['CHIN 481']"", ""['EDUC 881']"", ""['PHED 129', 'PHED 130']"", ""['EDSE 418', 'EDSE 518']"", ""['RUSS 311']"", ""['ARAB 325', 'HIST 282']"", ""['GOVT 444']"", ""['CHIN 110', 'CHIN 210']"", ""['CHIN 250']"", ""['PHED 150', 'PHED 159']"", ""['EDSE 790']"", ""['EDCI 776']"", ""['EDCD 606']"", ""['CHIN 110']""]",,,,
35,97816112,ACSM'S GUIDELINES F/EXER..(SP),AM.COLL.SPORT,"[""['RHBS 390']"", ""['KINE 370']"", ""['KINE 330']"", ""['CONF 340']"", ""['ECON 360', 'GLOA 450', 'GLOA 599']"", ""['HIST 691']"", ""['CONF 330']"", ""['GCH 645']"", ""['NCLC 475']"", ""['GGS 579']"", ""['GOVT 133']"", ""['STAT 362', 'STAT 655']"", ""['GOVT 467']"", ""['GOVT 304']"", ""['FREN 309']"", ""['BIOL 322']"", ""['PUAD 651']"", ""['COMM 385']"", ""['EDRD 301']"", ""['CRIM 320']"", ""['SOCW 664']"", ""['PHIL 343']"", ""['NURS 468']"", ""['ENGH 201']"", ""['NURS 757', 'NURS 758']"", ""['BIOL 318', 'EVPP 318']"", ""['CS 330']"", ""['EDRD 630']"", ""['SPMT 304']"", ""['EDSE 115', 'EDSE 515']"", ""['PUAD 664']"", ""['CULT 320']""]",,,,
36,97809412,STANDARDS FOR EDUCATIONAL+PSYCH.TESTING,AM.EDUC.RESRCH,"[""['EDRS 630']"", ""['EDSE 624']"", ""['CHEM 445']"", ""['PHIL 253']"", ""['EDCI 552']""]",,,,
37,97815812,AIGA PROFESS.PRACT.IN GRAPHIC DESIGN,AM.INST.GRAPH.,"[""['AVT 413', 'AVT 519']"", ""['EDSE 662', 'EDUC 592']"", ""['NCLC 337']"", ""['THR 310']"", ""['NCLC 475']"", ""['PRLS 327']"", ""['CULT 320']"", ""['TCOM 515']"", ""['ENGH 412']"", ""['SYST 611']"", ""['COMM 300']"", ""['HNRS 230']"", ""['EVPP 336']"", ""['GCH 320']"", ""['CONF 210']"", ""['COMM 390']"", ""['EDSE 116', 'EDSE 516']"", ""['CTCH 644']"", ""['MUSI 396']"", ""['ECON 309', 'ECON 496', 'ECON 827']"", ""['DANC 410']"", ""['PHYS 307']"", ""['TCOM 521']"", ""['EDUC 878']"", ""['GOVT 319', 'WMST 450', 'WMST 550']"", ""['PHED 183']"", ""['EDSE 115', 'EDSE 515']"", ""['GOVT 540']""]",,,,
38,97814312,PUBL.MAN.OF AM.PSYCH.ASSOC.(2ND+PRTG),AM.PSYCH.ASSN.,"[""['ECED 406', 'ECED 506', 'EDCD 601', 'EDCD 602', 'EDCI 516', 'EDCI 776', 'EDLE 620', 'EDLE 690', 'EDRS 810', 'EDRS 821', 'EDSE 402', 'EDSE 501', 'EDSE 503', 'EDSE 590', 'EDSE 623', 'EDUC 537', 'EDUC 615', 'HHS 818', 'NURS 457', 'NURS 465', 'NURS 665', 'NURS 749', 'NURS 757', 'NURS 758', 'PSYC 301', 'SOCW 624']"", ""['ECON 103']"", ""['ECON 871']"", ""['CHEM 321']"", ""['FREN 110', 'FREN 115', 'FREN 210']"", ""['ASTR 103', 'BIOL 311', 'CHEM 211', 'CHEM 314', 'CRIM 100']"", ""['ECED 401', 'ECED 501']"", ""['BIOL 484']"", ""['ECON 311']"", ""['PSYC 313']"", ""['CHEM 464', 'CHEM 564']"", ""['BIOL 483', 'BIOL 583', 'CHEM 463', 'CHEM 464', 'CHEM 564']"", ""['PSYC 652']"", ""['BIOL 452']"", ""['CFRS 772']"", ""['BIOL 213', 'BIOL 308', 'BIOL 310', 'EVPP 210', 'EVPP 301']"", ""['HAP 445']""]",,,,
39,97815612,PUBLICATION MANUAL OF AM.PSYCH.ASSOC.,AM.PSYCH.ASSN.,"[""['EDPD 501']"", ""['CONF 330', 'CONF 399']"", ""['COMM 634', 'COMM 690', 'COMM 890']"", ""['EDCD 797']"", ""['ENGH 305']"", ""['ENGH 202']"", ""['ENGH 399']"", ""['THR 482']"", ""['ENGH 397']"", ""['EDRS 827']"", ""['SRST 200']"", ""['THR 381', 'THR 480']"", ""['PRLS 183']"", ""['RELI 341']"", ""['SOCW 678']"", ""['ATEP 270']"", ""['ENGH 201']"", ""['CULT 860']"", ""['EDSE 624']"", ""['ENGH 685']"", ""['HIST 620']"", ""['ENGH 310']"", ""['PRLS 120']"", ""['RHBS 375']"", ""['CULT 860', 'ENGH 201']"", ""['AIT 665']"", ""['BIOL 301']"", ""['SOCI 412']"", ""['BIOL 405']"", ""['SOCI 860']"", ""['ENGH 310', 'ENGH 397', 'ENGH 494']"", ""['SRST 598']"", ""['CRIM 495']"", ""['SOCI 614']""]",,,,
40,9780912,ESSENTIALS OF RIVER KAYAKING,AMERICAN CANOE,"[""['PRLS 170']"", ""['GCH 450']"", ""['MATH 625']""]",,,,
41,97813112,"RACE,CLASS+GENDER",ANDERSEN,"[""['GOVT 414']"", ""['BUS 210', 'BUS 310', 'OM 210']"", ""['SOCI 303']"", ""['MIS 301', 'MIS 303']"", ""['NCLC 316']"", ""['CRIM 402']"", ""['CRIM 100']"", ""['PSYC 100']"", ""['EDCD 602']"", ""['HEAL 325']"", ""['CRIM 424']"", ""['AE 020']"", ""['PHIL 100']"", ""['PSYC 372']"", ""['FNAN 311']"", ""['MATH 321']"", ""['PSYC 317']"", ""['HEAL 110']"", ""['COMM 354']"", ""['SOCW 687']"", ""['ACCT 203']"", ""['CRIM 422']"", ""['NCLC 317']"", ""['GCH 335']"", ""['ACCT 301', 'ACCT 330', 'BMGT 613']"", ""['GOVT 368']"", ""['BULE 302', 'BULE 303']"", ""['MBUS 305']"", ""['MBA 706']"", ""['AIT 622']"", ""['SOCW 671']"", ""['SOCW 200']"", ""['ACCT 332']"", ""['ACCT 331']"", ""['MKTG 333']"", ""['NCLC 345']"", ""['ENGH 400']""]",,,,
42,97811312,ACTIVE SKILLS FOR READING:BOOK 1,ANDERSON,"[""['AE 030']"", ""['AE 040']"", ""['AE 050']"", ""['AE 060']"", ""['AE 020']"", ""['BUS 210', 'BUS 310', 'OM 210']"", ""['HEAL 220', 'HEAL 230']"", ""['MKTG 351']"", ""['NUTR 422']"", ""['IT 314']"", ""['AE 041']"", ""['AE 051']"", ""['AE 061']"", ""['HEAL 325']"", ""['ECED 405', 'ECED 505']"", ""['MATH 321']"", ""['HDFS 250']"", ""['PSYC 309']"", ""['CRIM 782', 'EDRS 620']"", ""['NUTR 644']"", ""['PSYC 615']"", ""['COMM 332']"", ""['AE 071']"", ""['MGMT 321', 'MGMT 421']"", ""['MBUS 305']"", ""['ECE 548']"", ""['KINE 320', 'NUTR 295']"", ""['KINE 320']"", ""['FREN 250']""]",,,,
43,97818412,IMAGINED COMMUNITIES,ANDERSON,"[""['GOVT 741']"", ""['SOCI 712']"", ""['GOVT 331', 'RELI 320']"", ""['CULT 804']"", ""['HNRS 240']"", ""['HIST 387']"", ""['SPAN 551']""]",,,,
44,97809912,OPERATING SYSTEMS,ANDERSON,"[""['CS 471', 'CS 571']"", ""['ENGH 497', 'ENGH 608']"", ""['ECE 699']"", ""['EDCD 791']"", ""['ENGH 375', 'ENGH 507']"", ""['SYST 221']"", ""['PRLS 210']"", ""['HNRS 230']"", ""['THR 450', 'THR 550']"", ""['MBA 662']"", ""['EVPP 110', 'EVPP 111']""]",,,,
45,97804512,CLASSIC AMERICAN AUTOBIOGRAPHIES,ANDREWS,"[""['HNRS 130']"", ""['HAP 310']"", ""['ENGH 204']"", ""['CONF 399', 'WMST 300']"", ""['ENGH 343']"", ""['MUSI 301']"", ""['HNRS 122']"", ""['HIST 272']"", ""['AE 030']"", ""['GGS 316']"", ""['HNRS 230']"", ""['ENGH 343', 'HNRS 122']"", ""['ENGH 650']"", ""['GOVT 414']"", ""['ECON 309']"", ""['CRIM 495']"", ""['PHIL 253']"", ""['HIST 535', 'HIST 615', 'HIST 635']""]",,,,
46,97804212,"NONPROFIT ORGANIZATIONS THEORY,MGMT.+..",ANHEIER,"[""['PUAD 505']"", ""['GOVT 327']"", ""['ENGH 318']"", ""['EDSE 464', 'EDSE 664']"", ""['EDSE 664']"", ""['HIST 322']"", ""['HNRS 131', 'HNRS 230']"", ""['ARTH 303', 'HIST 388']"", ""['ECON 380']"", ""['HDFS 401']"", ""['ECON 460', 'GOVT 469', 'PHIL 460']"", ""['FAVS 331', 'FAVS 599']"", ""['CEIE 457', 'CEIE 690']"", ""['SOCI 614']"", ""['ANTH 376', 'ANTH 699']"", ""['EDIT 803']"", ""['ECON 385']"", ""['TOUR 190']"", ""['CONF 210']"", ""['ARTH 394', 'ARTH 594']"", ""['PHIL 343']"", ""['PHIL 721']"", ""['ECON 816']"", ""['LING 582']"", ""['FAVS 352']"", ""['EDUC 542']"", ""['NCLC 436', 'NCLC 595']"", ""['HIST 635']"", ""['GOVT 313']"", ""['ENGH 610', 'ENGH 615']"", ""['EDIT 730']"", ""['HDFS 200']"", ""['PUAD 703']"", ""['CONF 399']"", ""['EDCI 567']"", ""['EDRS 811']"", ""['EDRS 822']"", ""['GOVT 345']"", ""['CTCH 810']"", ""['EDRS 797']"", ""['SPMT 455']"", ""['WMST 330']"", ""['EDCI 516']"", ""['PSYC 340']"", ""['COMM 432']"", ""['ECED 402']"", ""['ECON 496']"", ""['EDUC 422', 'EDUC 522']"", ""['EDLE 612']"", ""['ECED 402', 'ECED 502']"", ""['EDUC 303']"", ""['COMM 716']"", ""['CTCH 792', 'HIST 535']"", ""['HIST 387']"", ""['EDIT 767']"", ""['EDUC 870']"", ""['THR 496']"", ""['HNRS 353']"", ""['EDCD 608']"", ""['MUSI 116']"", ""['ECON 881']"", ""['FRLN 385']""]",,,,
47,97803712,"FIVE PLAYS,V.1",ANOUILH,"[""['THR 496']"", ""['ENGH 201']"", ""['ENGH 310']"", ""['ENGH 608']"", ""['GCH 320']"", ""['ENGH 399']"", ""['CULT 860']"", ""['ECON 812']"", ""['HNRS 131']"", ""['HNRS 122']"", ""['CONF 310']"", ""['HIST 535', 'HIST 615', 'HIST 635']""]",,,,
48,97811212,FAMILY PROBLEMS,ARDITTI,"[""['HDFS 300']"", ""['EDUC 537']"", ""['OR 750', 'SYST 461', 'SYST 660']"", ""['EDLE 620', 'NCLC 375']"", ""['EVPP 641', 'GCH 360']"", ""['EVPP 641']"", ""['GGS 101']"", ""['GGS 102']"", ""['MATH 214']"", ""['ECON 306']"", ""['HIST 300']"", ""['SYST 210']"", ""['ME 313']"", ""['EDIT 611']"", ""['SWE 632']"", ""['CEIE 203']"", ""['MIS 330']"", ""['INFS 622']"", ""['AVT 217', 'AVT 415']"", ""['ECON 871']"", ""['INFS 515']"", ""['CEIE 620']"", ""['PSYC 703']"", ""['OR 649']"", ""['NURS 688']"", ""['PRLS 533']"", ""['PUAD 659']"", ""['IT 106', 'IT 196', 'IT 206']"", ""['PSYC 462']"", ""['EDCD 656']"", ""['NCLC 431']"", ""['FM 224', 'SYST 530']"", ""['CHEM 313']"", ""['CHEM 314']"", ""['NCLC 375']"", ""['MATH 314']"", ""['PSYC 325']"", ""['PSYC 333']"", ""['GEOL 102']"", ""['CFRS 775', 'CFRS 780']"", ""['GGS 412']"", ""['MATH 414']"", ""['GGS 311']"", ""['CEIE 360']"", ""['HAP 713']"", ""['PSYC 461', 'PSYC 592']"", ""['EDLE 618']"", ""['PUAD 631']"", ""['MGMT 301']"", ""['SYST 371']"", ""['HIST 388']"", ""['MIS 411']"", ""['ECE 499']"", ""['STAT 344']"", ""['STAT 344', 'STAT 354']"", ""['STAT 354']"", ""['NCLC 395']"", ""['EDIT 705']"", ""['HIST 697']"", ""['HIST 691']"", ""['OR 531']"", ""['SYST 469']"", ""['PUAD 670']"", ""['MBUS 302']"", ""['GOVT 490', 'PUAD 520']"", ""['GLOA 600']"", ""['GAME 210']"", ""['STAT 560', 'STAT 760']"", ""['FNAN 440']"", ""['CS 471']"", ""['PSYC 669']"", ""['CHEM 313', 'CHEM 314']"", ""['BENG 322', 'IT 322']"", ""['EDCD 660']"", ""['PSYC 211']"", ""['CS 306']"", ""['PROV 301']"", ""['EDIT 706']"", ""['ME 151']"", ""['TOUR 200']"", ""['CHEM 641']"", ""['AVT 414', 'AVT 614']"", ""['PSYC 300']"", ""['CFRS 770']""]",,,,
49,97801412,EICHMANN IN JERUSALEM,ARENDT,"[""['HIST 388']"", ""['PHIL 253']"", ""['OM 435', 'OR 335', 'SYST 335']"", ""['GCH 320']"", ""['HNRS 130']"", ""['ENGH 325']"", ""['ENGH 355']"", ""['ENGH 202']"", ""['GOVT 490']"", ""['ENGH 455']"", ""['SRST 200']"", ""['EDCI 520']"", ""['ENGH 343']"", ""['MATH 325']"", ""['EDAT 410', 'EDAT 510']"", ""['HIST 304']"", ""['ENGH 305']"", ""['PSYC 631']"", ""['TCOM 535']"", ""['SPAN 390']"", ""['RELI 235']"", ""['ENGH 201', 'ENGH 355']"", ""['EVPP 336']"", ""['ECON 360', 'GOVT 467']"", ""['ECED 601']"", ""['GBUS 540']"", ""['CONF 310']"", ""['SPMT 420']"", ""['ENGH 497', 'ENGH 513']"", ""['ENGH 421', 'ENGH 625']"", ""['ENGH 397']"", ""['EDUC 800']"", ""['ENGH 400']"", ""['HIST 387', 'HIST 389']"", ""['HIST 643']"", ""['NCLC 322']"", ""['ARTH 344']"", ""['EDCI 510']"", ""['CEIE 240']"", ""['HIST 615']"", ""['ENGH 618']"", ""['ENGH 432', 'ENGH 645']"", ""['FRLN 331']"", ""['PSYC 652']"", ""['PHIL 336']"", ""['EDLE 636']"", ""['HNRS 230']"", ""['GOVT 444']"", ""['BIOL 435', 'GEOL 312']"", ""['GOVT 467']"", ""['CEIE 526']"", ""['CS 225', 'GAME 230']"", ""['ENGH 201']"", ""['ANTH 536']"", ""['EDRD 610']"", ""['PHIL 391']"", ""['ECE 421', 'SYST 421']"", ""['ECE 320']"", ""['CRIM 409']"", ""['ENGH 302']"", ""['GCH 804', 'NURS 757', 'NURS 758', 'NURS 930']"", ""['ANTH 376', 'ANTH 699', 'HNRS 230']"", ""['EDSE 440', 'EDSE 540']"", ""['CS 580', 'CS 687']"", ""['WMST 100']"", ""['EDSE 544']"", ""['GOVT 322']"", ""['ECON 345']"", ""['RELI 317']"", ""['EDRD 634']"", ""['TOUR 450']"", ""['ENGH 650']""]",,,,
50,97802112,ADOLESCENCE+EMERGING ADULTHOOD,ARNETT,"[""['PSYC 314']"", ""['ENGH 101']"", ""['LING 307', 'LING 522']"", ""['PSYC 325']"", ""['PSYC 211']"", ""['EDUC 302']"", ""['EDCD 525']"", ""['ECED 511']"", ""['RELI 211']"", ""['FAVS 225']"", ""['SOCW 652']"", ""['ENGH 202']"", ""['HEAL 220']"", ""['PSYC 301']"", ""['PSYC 466']"", ""['SOCW 658']"", ""['HIST 100']"", ""['COMM 400']"", ""['COMM 430']"", ""['GCH 804']"", ""['GOVT 132']"", ""['GERM 110', 'GERM 210']"", ""['MUSI 107']"", ""['EDCI 519']"", ""['PSYC 362']"", ""['SOCI 101']"", ""['PORT 110', 'PORT 210']"", ""['PSYC 418', 'PSYC 518']"", ""['ARTH 350']"", ""['HDFS 300']"", ""['ANTH 114']"", ""['EDSE 629']"", ""['SOCW 380']"", ""['MUSI 103']"", ""['GOVT 322']"", ""['PSYC 372']"", ""['CHEM 313', 'CHEM 314']"", ""['PSYC 320']"", ""['SOCW 630']"", ""['GLOA 720']"", ""['PUAD 502']"", ""['EDUC 887']"", ""['ARTH 200']"", ""['ARTH 201']"", ""['ECON 309', 'HNRS 353']"", ""['NURS 805', 'PSYC 756']"", ""['SOCW 358']"", ""['ENGH 101', 'ENGH 302']"", ""['THR 101']"", ""['SOCW 390']"", ""['COMM 210']"", ""['COMM 204', 'COMM 330']""]",,,,
51,97802512,AMERICAN CONFLUENCE,ARON,"[""['HIST 620']"", ""['ENGH 591']"", ""['HIST 499']"", ""['SRST 200']"", ""['WMST 330']"", ""['HIST 389']"", ""['GOVT 744']"", ""['ENGH 681']""]",,,,
52,97819312,ASCA NATIONAL MODEL:FRAMEWORK...,ASCA,"[""['EDCD 755', 'EDCD 791']"", ""['EDCI 684']"", ""['EDIT 752']"", ""['EDCI 472', 'EDCI 672']"", ""['ECED 514']"", ""['CONF 310']"", ""['HIST 691']"", ""['EDPD 504']"", ""['EVPP 336']"", ""['EDUC 845']"", ""['THR 482']"", ""['SPMT 455']"", ""['RELI 317']"", ""['ECED 404', 'ECED 504']"", ""['SWE 437']"", ""['PLGL 101', 'PLGL 104', 'PLGL 400']"", ""['EDCI 473', 'EDCI 573']"", ""['SYST 495']"", ""['ENGH 685']"", ""['JAPA 340']"", ""['ECON 360']"", ""['ECON 362']"", ""['ECON 403']"", ""['ECON 310']"", ""['ENGH 497', 'ENGH 608']"", ""['NEUR 461', 'PSYC 461', 'PSYC 592']"", ""['ENGH 608']"", ""['EDCD 611']"", ""['EDCI 519']""]",,,,
53,97809212,ASSOC.PR.STYLEBOOK+BRIEFING ON...2015,ASSOC.PRESS,"[""['COMM 351', 'COMM 370', 'COMM 391']"", ""['PSYC 373']"", ""['DANC 391']"", ""['EDCD 660']"", ""['EDSE 116', 'EDSE 516']"", ""['ENGH 201']"", ""['ARTH 350']""]",,,,
54,97807512,WAR+EMPIRE,ATWOOD,"[""['NCLC 422']"", ""['GOVT 490']"", ""['HNRS 130']"", ""['HNRS 353']"", ""['SOCI 614']"", ""['PHYS 711']"", ""['CRIM 460']"", ""['CONF 340']"", ""['COMM 720']"", ""['GOVT 641']"", ""['GOVT 745']""]",,,,
55,97818812,HANDBOOK OF APPLIES BEHAVIOR ANALYSIS,AUSTIN,"[""['EDSE 624']"", ""['GOVT 322', 'GOVT 342']"", ""['ENGH 310']"", ""['EDSE 418', 'EDSE 518']"", ""['COMM 798']"", ""['MGMT 461']"", ""['AE 072']"", ""['TOUR 311']""]",,,,
56,97815712,THERAPEUTIC RECREATION:PROC.+TECH.,AUSTIN,"[""['PRLS 417']"", ""['EDCI 556']"", ""['GGS 560']"", ""['EDCI 479', 'EDCI 669']"", ""['EDSE 503']"", ""['HAP 621']"", ""['SOCI 712']"", ""['HAP 707']"", ""['HAP 702']"", ""['EDLE 612']"", ""['RELI 320']"", ""['PSYC 462']"", ""['FM 226']"", ""['PHED 145']"", ""['PRLS 610']"", ""['SPMT 440']"", ""['HAP 442']"", ""['CS 531']"", ""['AVT 215']"", ""['HAP 417']"", ""['NCLC 361']"", ""['HAP 395']"", ""['HIST 387']"", ""['HNRS 130']"", ""['MUSI 491']"", ""['PRLS 450', 'SRST 450']"", ""['PRLS 310']"", ""['PRLS 210']"", ""['PRLS 405']"", ""['AVT 413', 'AVT 519']"", ""['CS 351']"", ""['HAP 312']"", ""['ENGH 201']"", ""['HAP 430']"", ""['HIST 610']"", ""['EDRD 419', 'EDRD 619']"", ""['NUTR 466', 'NUTR 566']"", ""['THR 482']"", ""['THR 450', 'THR 550']""]",,,,
57,9781412,"WONDER WOMAN,VOL.1:BLOOD",AZZARELLO,"[""['ENGH 202']"", ""['ITAL 325']"", ""['HNRS 230']"", ""['THR 352']"", ""['ENGH 202', 'ENGH 497', 'ENGH 513']"", ""['COMM 430', 'ENGH 302', 'EVPP 490', 'EVPP 505']"", ""['ENGH 201']"", ""['EDUC 542', 'EDUC 887']"", ""['AVT 407', 'AVT 507']"", ""['SOCW 678']"", ""['ENGH 201', 'ENGH 204', 'ENGH 419', 'HNRS 130']"", ""['ENGH 355', 'HNRS 130']"", ""['HNRS 353']"", ""['ANTH 536']"", ""['CULT 320']"", ""['MUSI 477']"", ""['ENGH 302', 'GCH 376', 'PHIL 309']"", ""['HIST 358']""]",,,,
58,97804912,HARMONIZED CHORALES FOR KEYBOARD,BACH,"[""['MUSI 116']"", ""['HNRS 353']"", ""['ENGH 201']"", ""['ECE 728']"", ""['GOVT 744']"", ""['OR 674', 'SYST 674']"", ""['SOCI 101']"", ""['THR 345']"", ""['HNRS 130']"", ""['PHIL 253']"", ""['ENGH 526']"", ""['AVT 307']"", ""['ENGH 343']"", ""['ENGH 346']""]",,,,
59,97814812,FUND.OF RESEARCH IN CRIMINOLOGY...,BACHMAN,"[""['CRIM 315']"", ""['GOVT 300']"", ""['GCH 645']"", ""['PHIL 336']"", ""['CRIM 312']"", ""['INFS 774']"", ""['GCH 335']"", ""['COMM 433']"", ""['CS 325']"", ""['ENGH 202']"", ""['ECED 404', 'ECED 504']"", ""['COMM 380']"", ""['SOCW 375']"", ""['GOVT 351']"", ""['ANTH 114']"", ""['SOCW 390']"", ""['EDUC 872']"", ""['CRIM 310', 'CRIM 312', 'GOVT 444']"", ""['GGS 704']"", ""['CULT 860']"", ""['CONF 345']"", ""['ENGH 204']"", ""['CTCH 810']"", ""['PSYC 321']"", ""['GOVT 490']"", ""['EDRS 812']"", ""['PUAD 502']"", ""['SPMT 480', 'SRST 598']"", ""['EVPP 361', 'GOVT 361']""]",,,,
60,9780612,BEYOND THE ANSWER SHEET,BADKE,"[""['PROV 501', 'PROV 502', 'PROV 504']"", ""['ISA 673']"", ""['SWE 645']"", ""['NCLC 455']""]",,,,
61,97818512,FOUND.OF BILINGUAL EDUC.+BILINGUALISM,BAKER,"[""['EDCI 516']"", ""['GOVT 313']"", ""['SYST 510']"", ""['HIST 387']"", ""['HNRS 130']"", ""['EDRS 830']"", ""['RELI 272']""]",,,,
62,97803512,GIOVANNI'S ROOM,BALDWIN,"[""['ENGH 201']"", ""['HNRS 122']"", ""['ENGH 201', 'ENGH 202']"", ""['NCLC 395']"", ""['RELI 235']"", ""['ENGH 497', 'ENGH 513']"", ""['COMM 615']"", ""['HIST 373']"", ""['HIST 336']""]",,,,
63,97812612,M:INFORMATION SYSTEMS-W/CONNECTPLUS,BALTZAN,"[""['MBUS 302']"", ""['MBUS 301']"", ""['MATH 272']"", ""['MGMT 412']"", ""['ACCT 433', 'ACCT 630']"", ""['MBUS 300']"", ""['ACCT 303']"", ""['MBUS 303']"", ""['MKTG 301', 'MKTG 303']"", ""['ACCT 203']"", ""['FNAN 300']"", ""['MGMT 303']"", ""['MGMT 313']"", ""['OM 493']"", ""['ACCT 330']"", ""['ACCT 301', 'ACCT 330', 'BMGT 613']"", ""['ACCT 301', 'BMGT 613']"", ""['ACCT 461', 'ACCT 561']"", ""['MIS 102']"", ""['MATH 106']"", ""['EDEP 632']"", ""['SOCI 101']"", ""['CHEM 211']"", ""['CHEM 212']"", ""['CHEM 211', 'CHEM 212']"", ""['ACCT 331', 'ACCT 332']"", ""['ACCT 351']""]",,,,
64,97806712,COLLISION 2012,BALZ,"[""['COMM 412', 'GOVT 412']"", ""['HIST 328']"", ""['HIST 615']"", ""['SOCI 712']"", ""['ECON 823']"", ""['EDUC 800']"", ""['HIST 100', 'HIST 387', 'HIST 535', 'HIST 610', 'HIST 615', 'HIST 635']"", ""['SOCW 645']"", ""['HIST 623']"", ""['HIST 643']"", ""['HIST 620']"", ""['GOVT 741']"", ""['GOVT 540']"", ""['GOVT 322']"", ""['HNRS 353']"", ""['GOVT 319', 'HIST 389', 'SOCI 395', 'WMST 307']"", ""['HIST 388']"", ""['GOVT 490']"", ""['GOVT 510']"", ""['ECED 402', 'ECED 502']"", ""['SOCI 660', 'SOCI 860']"", ""['GOVT 467']"", ""['CULT 804']"", ""['GLOA 610']"", ""['ECON 496', 'ECON 827']"", ""['TCOM 690']"", ""['HIST 329']"", ""['ENGH 201']"", ""['ECON 840']"", ""['CRIM 460']"", ""['HIST 387', 'HIST 535', 'HIST 615', 'HIST 635']"", ""['HIST 711']"", ""['ANTH 114']"", ""['EDEP 821']"", ""['ENGH 333']""]",,,,
65,97814112,CRIMINAL JUSTICE ETHICS,BANKS,"[""['CRIM 306']"", ""['EDLE 690']"", ""['ENGH 591']"", ""['BIOD 790']"", ""['HIST 358']"", ""['SPAN 390']"", ""['GLOA 101', 'NCLC 303']"", ""['EDCD 628']"", ""['AE 060']"", ""['MGMT 441']"", ""['HIST 499']"", ""['COMM 725', 'NURS 920']"", ""['EDUC 878']"", ""['EDSE 846']"", ""['EDCD 755', 'EDCD 791']"", ""['AE 040']"", ""['SOCI 311']"", ""['ARTH 320']"", ""['EDCI 516']"", ""['EDRS 830']"", ""['EDCI 684']"", ""['NEUR 411']"", ""['OR 671', 'SYST 671']"", ""['BIOL 480', 'EVPP 536']"", ""['SOCW 624']"", ""['PSYC 612']"", ""['EDCD 603']"", ""['EDLE 636']"", ""['EDRS 797']"", ""['NCLC 375']"", ""['EDCI 666']"", ""['EDRS 812']"", ""['EDRS 821']"", ""['EDRS 822', 'EDRS 826']"", ""['EDUC 887']"", ""['ECON 412']"", ""['EDLE 803']"", ""['CONF 490']"", ""['EDCI 702', 'EDUC 675']"", ""['AE 030']"", ""['AE 020']"", ""['COMM 401']"", ""['ECED 503']"", ""['IT 105']"", ""['EVPP 677']"", ""['AE 050']"", ""['CLAS 390']"", ""['ENGH 526']"", ""['EDLE 791']""]",,,,
66,97812912,MASS COMMUNICATION THEORY,BARAN,"[""['COMM 302']"", ""['BULE 402']"", ""['GOVT 304']"", ""['IT 193', 'IT 213']"", ""['CRIM 405']"", ""['CRIM 424']"", ""['EFHP 614', 'KINE 420']"", ""['AE 020']"", ""['AE 040']"", ""['AE 050']"", ""['AE 060']"", ""['AE 030']"", ""['PSYC 317']"", ""['ME 499']"", ""['EDRS 620']"", ""['HEAL 110']"", ""['JAPA 110', 'JAPA 210']"", ""['JAPA 331']"", ""['FREN 110', 'FREN 115', 'FREN 210']"", ""['EDCD 609']"", ""['RHBS 652']"", ""['GOVT 368']"", ""['CRIM 315']"", ""['GOVT 511', 'PUAD 511']"", ""['ITAL 110', 'ITAL 210']"", ""['COMM 335']"", ""['AE 031']"", ""['MUSI 100']"", ""['CFRS 664', 'TCOM 664']"", ""['EDSE 461']"", ""['AIT 622']"", ""['COMM 201']"", ""['CONF 310']"", ""['COMM 305']"", ""['SYST 630']"", ""['MATH 290']"", ""['PLGL 101', 'PLGL 104', 'PLGL 400']"", ""['CRIM 490']"", ""['HNRT 125']"", ""['OM 320']""]",,,,
67,97807812,PRINCIPLES OF AMBULATORY MEDICINE,BARKER,"[""['NURS 749']"", ""['PSYC 376']"", ""['BIOL 465']"", ""['BENG 304']"", ""['HHS 818']"", ""['PORT 110', 'PORT 210']""]",,,,
68,97809812,BEYOND HEROES,BARNAS,"[""['NURS 688']"", ""['MGMT 452']"", ""['MUSI 100']"", ""['EDSE 662', 'EDUC 592']"", ""['ENGH 201']"", ""['RUSS 311']"", ""['MUSI 454']"", ""['ENGH 685']"", ""['CRIM 490']"", ""['MKTG 455']"", ""['CONF 330']"", ""['GCH 691']"", ""['NURS 768']""]",,,,
69,97807912,DEEP ECOLOGY+WORLD RELIGIONS,BARNHILL,"[""['RELI 420', 'RELI 636']"", ""['ENGH 302']"", ""['CTCH 810']"", ""['CONF 399']"", ""['SOCI 302']"", ""['ECED 803', 'EDUC 803']"", ""['EDLE 620']"", ""['GCH 610']"", ""['EDRS 824']"", ""['EDIT 574']"", ""['GOVT 319', 'WMST 450', 'WMST 550']"", ""['RELI 313']"", ""['MUSI 171', 'MUSI 172']"", ""['PHIL 253']"", ""['GCH 691']"", ""['RELI 645']"", ""['PRLS 110']"", ""['CONF 310']"", ""['PUAD 659']""]",,,,
70,9781512,ECONOMIC SOPHISMS,BASTIAT,"[""['ECON 385']"", ""['FRSC 511']"", ""['PSYC 405']"", ""['STAT 346']"", ""['ENGH 204']"", ""['CFRS 664', 'TCOM 664']"", ""['NURS 930']"", ""['GOVT 540']"", ""['ENGH 526']""]",,,,
71,97808812,VERBAL ART AS PERFORMANCE,BAUMAN,"[""['ENGH 591', 'ENGH 681']"", ""['RELI 320']"", ""['PHED 273']"", ""['BIOL 326']"", ""['COMM 210']"", ""['MUSI 466', 'MUSI 566']"", ""['SOCI 311']"", ""['NUTR 670']"", ""['NCLC 401']"", ""['NEUR 327', 'NEUR 335', 'PSYC 592']"", ""['NEUR 335']"", ""['ARAB 210', 'ARAB 350', 'ARAB 351']""]",,,,
72,97816312,SHIELDS+SHARDS+STITCHES+ SONG,BEACHY-QUICK,"[""['ENGH 608']"", ""['HIST 691']"", ""['HIST 388']"", ""['GOVT 364', 'PUAD 540']"", ""['CRIM 475']"", ""['ECON 104']"", ""['COMM 303']"", ""['EAP 097']"", ""['GCH 412']""]",,,,
73,97805412,ARE YOU MY MOTHER?,BECHDEL,"[""['ENGH 685']"", ""['HNRS 130']"", ""['FM 220']"", ""['GOVT 467']"", ""['IT 207']"", ""['ENGH 396']"", ""['ENGH 399']"", ""['ECON 105']"", ""['PHIL 243']"", ""['NUTR 466', 'NUTR 566']""]",,,,
74,97806212,FUN HOME:FAMILY TRAGICOMIC,BECHDEL,"[""['ENGH 201', 'ENGH 309', 'ENGH 432', 'ENGH 645']"", ""['BIOL 435', 'EVPP 445', 'EVPP 505']"", ""['CRIM 795', 'PSYC 461']"", ""['AE 035']"", ""['ENGH 202', 'ENGH 497', 'ENGH 513']"", ""['AE 045']"", ""['HIST 282']"", ""['PLGL 101', 'PLGL 104', 'PLGL 400']"", ""['ENGH 201', 'PHIL 253']"", ""['CRIM 410']"", ""['GOVT 351', 'PUAD 502']""]",,,,
75,97801912,CITIZENSHIP:VERY SHORT INTRODUCTION,BELLAMY,"[""['GOVT 101', 'GOVT 490']"", ""['AE 070']"", ""['HIST 643']"", ""['GOVT 101']"", ""['GOVT 344']"", ""['AE 030']"", ""['HIST 282']"", ""['HIST 125']"", ""['SOCW 688']"", ""['AE 010']"", ""['AE 050']"", ""['ENGH 421', 'ENGH 625']"", ""['GOVT 490']"", ""['AE 013']"", ""['GOVT 132']"", ""['HIST 711']"", ""['AE 040']""]",,,,
76,9780312,IN SEARCH OF AUTHENTICITY,BENDIX,"[""['ENGH 681']"", ""['AFAM 200']"", ""['ITAL 340']"", ""['ECON 854']"", ""['GOVT 510']"", ""['ENGH 202']"", ""['PHIL 391']"", ""['HIST 643']"", ""['AVT 613']"", ""['ENGH 309']"", ""['HIST 358']"", ""['ENGH 610']"", ""['HIST 620']"", ""['PRLS 300']"", ""['GOVT 467']"", ""['ENGH 201']"", ""['HNRS 230']"", ""['DANC 391']"", ""['EVPP 619']"", ""['GLOA 450', 'GLOA 599']"", ""['GOVT 744']"", ""['HIST 615']"", ""['HIST 387']""]",,,,
77,97807612,COMMUNITY HEALTH EDUCATION METHODS,BENSLEY,"[""['HEAL 372']"", ""['HAP 621']"", ""['MATH 612']"", ""['NURS 749']"", ""['HAP 702']"", ""['NUTR 620']"", ""['GCH 722']"", ""['ECON 309']"", ""['CFRS 761']"", ""['RELI 341']"", ""['RELI 100']"", ""['GGS 314']"", ""['COMM 690']"", ""['EDCD 610']"", ""['CTCH 644']"", ""['GLOA 450', 'GOVT 444']"", ""['HNRS 353']"", ""['GCH 380', 'GCH 782']"", ""['THR 381', 'THR 480']"", ""['PHED 129', 'PHED 130']"", ""['EDUC 878']"", ""['EVPP 110']"", ""['EVPP 111']"", ""['RUSS 110']"", ""['RUSS 210', 'RUSS 250']"", ""['EDUC 872']"", ""['HAP 686']"", ""['WMST 330']"", ""['COMM 305']"", ""['BIOL 454', 'BIOL 508', 'EVPP 419', 'EVPP 519']"", ""['EDRS 797']"", ""['NUTR 675', 'PUAD 646']"", ""['GCH 325']"", ""['SOCI 395', 'SOCI 633', 'WMST 411', 'WMST 611']"", ""['IT 191']""]",,,,
78,97811412,LEGAL&BUSINESS ESSNTS ALL FILMMAKERS ...,BERNSTEIN,"[""['FAVS 250']"", ""['GOVT 342']"", ""['HAP 425']"", ""['GOVT 133']"", ""['MUSI 730']"", ""['WMST 450', 'WMST 550']"", ""['GOVT 308']"", ""['ECON 330']"", ""['MUSI 103']"", ""['STAT 465', 'STAT 525']"", ""['ITAL 325']"", ""['GOVT 338']"", ""['EDLE 803', 'EDUC 542']"", ""['CTCH 621']"", ""['EDUC 815']""]",,,,
79,97814412,REAL-TIME EMBEDDED SYSTEMS,BERTOLOTTI,"[""['ECE 612']"", ""['BENG 313']"", ""['CHEM 251']"", ""['HIST 100']"", ""['NURS 766']"", ""['HIST 499']"", ""['IT 357']"", ""['HNRT 228']"", ""['ANTH 490', 'ANTH 536']"", ""['CLAS 240']"", ""['SOCI 308']"", ""['HAP 790']"", ""['BENG 220']"", ""['CSI 674', 'SYST 664']"", ""['CONF 330']"", ""['STAT 778']"", ""['MATH 740']"", ""['AE 042']"", ""['GOVT 319']"", ""['CULT 320']"", ""['GOVT 344']"", ""['PORT 110', 'PORT 210']"", ""['BENG 441', 'BENG 590']"", ""['GOVT 324', 'PHIL 324']"", ""['HIST 691']"", ""['GAME 332']"", ""['MATH 674']"", ""['COMM 615']"", ""['HIST 300']"", ""['STAT 554']""]",,,,
80,97818912,INTRODUCTION TO PROBABILITY,BERTSEKAS,"[""['ECE 528']"", ""['MUSI 113']"", ""['CFRS 660', 'TCOM 660']"", ""['EDCI 544']"", ""['PRLS 323']"", ""['PRLS 317']"", ""['PHED 218']"", ""['COMM 386']"", ""['NURS 749']"", ""['EDSE 623']"", ""['PHED 129', 'PHED 130']"", ""['COMM 454']"", ""['SPMT 618']"", ""['PRLS 210']"", ""['EDCI 790', 'EDUC 543']""]",,,,
81,97805812,LONGMAN STUD.GRAMMAR OF SPOKEN+...ENG.,BIBER,"[""['EDCI 510']"", ""['ARTH 303', 'HIST 388']""]",,,,
82,97807112,ISLAMIC ARTS,BLOOM,"[""['ARTH 320']"", ""['ARTH 315', 'HIST 388']""]",,,,
83,97809712,GIS FUNDAMENTALS,BOLSTAD,"[""['GGS 553']"", ""['AMGT 410']"", ""['CHEM 211', 'CHEM 212']"", ""['CHEM 313', 'CHEM 314']"", ""['ENGH 497', 'ENGH 608']"", ""['PSYC 333']"", ""['EDCI 520', 'EDCI 684']"", ""['PSYC 710']"", ""['RELI 341']"", ""['SPMT 412']"", ""['NCLC 446']""]",,,,
84,97802412,GRAMMAR OF THE EDIT,BOWEN,"[""['FAVS 260']"", ""['COMM 358']"", ""['COMM 386', 'HIST 697']"", ""['THR 313', 'TOUR 313']"", ""['FAVS 311', 'FAVS 599']"", ""['MUSI 355']"", ""['COMM 356']"", ""['HIST 304']"", ""['FAVS 331', 'FAVS 599']""]",,,,
85,97805512,BEST AMERICAN SHORT STORIES 2015,BOYLE,"[""['ENGH 492', 'ENGH 495']"", ""['ENGH 202']"", ""['THR 352']"", ""['PHIL 253']"", ""['ITAL 325']"", ""['EDCI 556']"", ""['JAPA 331']"", ""['RELI 235']"", ""['PSYC 405']"", ""['ENGH 608', 'ENGH 660']"", ""['ENGH 618']"", ""['NEUR 461', 'PSYC 461', 'PSYC 592']"", ""['ENGH 608']"", ""['ENGH 201']""]",,,,
86,97804112,BERTOLT BRECHT:SAINT JOAN OF STOCKYARDS,BRECHT,"[""['ENGH 455']"", ""['STAT 554']""]",,,,
87,97808312,SOUND OF TOMORROW,BREND,"[""['MUSI 730']"", ""['RHBS 620']"", ""['EDCD 606']"", ""['ARTH 204']"", ""['EDCD 628', 'RELI 320']"", ""['HIST 364']"", ""['NURS 870']"", ""['GCH 465']"", ""['HIST 387', 'HIST 535', 'HIST 615', 'HIST 635']"", ""['NURS 860']""]",,,,
88,97816812,COMM 100: SPEAKERS; PRIMER >C<,BROECKELMAN-POS,"[""['COMM 100']"", ""['COMM 101']""]",,,,
89,97812512,ANYA'S GHOST,BROSGOL,"[""['AE 042']"", ""['HNRS 130']"", ""['CRIM 795', 'PSYC 461']"", ""['ENGH 396']"", ""['HNRS 353']""]",,,,
90,97802812,CASE STUDIES IN SPORT COMMUNICATION,BROWN,"[""['SPMT 430']"", ""['MKTG 455']"", ""['GLOA 450', 'GLOA 599']"", ""['HIST 364']""]",,,,
91,9781912,EVERYMAN+MANKIND,BRUSTER,"[""['ENGH 324']""]",,,,
92,97814612,LIE GROUPS,BUMP,"[""['MATH 689']"", ""['BIOL 311']"", ""['CSI 674', 'SYST 664']"", ""['ENGH 101']"", ""['ASTR 103']"", ""['SOCW 678']"", ""['NURS 654']"", ""['FRSC 510', 'FRSC 511']"", ""['ASTR 113']"", ""['EDCI 510']"", ""['BIS 300', 'BIS 390', 'ENGH 101', 'ENGH 302']"", ""['ENGH 302']"", ""['GCH 465', 'HAP 465']"", ""['ENGH 100', 'ENGH 121']"", ""['HAP 465']"", ""['RHBS 711']"", ""['EDAT 524']"", ""['CHEM 321']"", ""['NURS 491']"", ""['PSYC 617']"", ""['HIST 100']"", ""['NURS RN RETRN']"", ""['STAT 515', 'STAT 763']"", ""['NURS 425']"", ""['OR 568', 'SYST 568']"", ""['BIOL 484']"", ""['ECON 311']"", ""['MATH 411']"", ""['PSYC 710']"", ""['EDRS 820']"", ""['BIOL 213', 'MUSI 102']"", ""['PSYC 100']"", ""['BIS 490', 'BIS 491']"", ""['BIOL 452']"", ""['ECED 801']"", ""['BIOL 420']"", ""['EDRD 610']"", ""['BIOL 213', 'BIOL 308', 'EVPP 301']"", ""['BIOL 213']"", ""['BIOL 308', 'BIOL 310']"", ""['BIOL 310']"", ""['BIOL 213', 'BIOL 308', 'BIOL 310', 'EVPP 210']"", ""['EVPP 210']"", ""['PSYC 313']"", ""['ENGH 396']"", ""['PSYC 461', 'PSYC 592']""]",,,,
93,97815512,EVELINA,BURNEY,"[""['ENGH 333']"", ""['ENGH 332']"", ""['ENGH 400']"", ""['ENGH 650']"", ""['PRLS 612']"", ""['PRLS 191']"", ""['ENGH 421', 'ENGH 625']"", ""['SPMT 302']"", ""['EDUC 800']"", ""['ENGH 325']""]",,,,
94,97803812,BLACK HOLE,BURNS,"[""['ENGH 201']"", ""['PSYC 211']"", ""['HIST 623']"", ""['HIST 300']"", ""['HIST 373']"", ""['WMST 100']"", ""['NCLC 322']"", ""['HIST 357']"", ""['ECED 401', 'ECED 501', 'EDCI 556']"", ""['HIST 387']"", ""['ENGH 201', 'WMST 100']"", ""['GGS 316']"", ""['HIST 336']""]",,,,
95,97801212,FORENSIC DNA TYPING,BUTLER,"[""['FRSC 560']"", ""['FRSC 460']"", ""['CFRS 510']"", ""['CFRS 762']"", ""['FRSC 303']"", ""['TCOM 606']"", ""['CLIM 754']"", ""['ECE 463', 'TCOM 551']"", ""['EDIT 752']"", ""['ECE 611']"", ""['CSI 674', 'SYST 664']"", ""['BENG 499', 'BENG 590']"", ""['NUTR 466', 'NUTR 566']"", ""['CS 465', 'ECE 445']"", ""['CS 455']"", ""['BENG 341']"", ""['BENG 320']"", ""['GGS 754']"", ""['CRIM 400']"", ""['STAT 763']""]",,,,
96,97814712,FEDERAL FATHERS+MOTHERS,CAHILL,"[""['HIST 615']"", ""['GERM 110']"", ""['CS 100']"", ""['BIOL 213', 'EVPP 210']"", ""['HIST 364']"", ""['HNRS 131']"", ""['GGS 760']"", ""['GEOL 101']"", ""['NURS RN RETRN']"", ""['FNAN 301', 'FNAN 303']"", ""['BIOL 306']"", ""['GGS 314']"", ""['IT 104']"", ""['IT 191']"", ""['GAME 210']"", ""['HIST 535', 'HIST 615', 'HIST 635']"", ""['HAP 602']"", ""['GEOL 102']"", ""['TCOM 662']""]",,,,
97,97815112,"NCLC 395: COMMUNICATION,CONFLICT & THE M",CAIRNIE,"[""['NCLC 395']"", ""['GOVT 490']"", ""['BIOL 453']"", ""['PHIL 100']"", ""['CHEM 314']"", ""['CS 306']"", ""['CRIM 495']"", ""['GOVT 300']"", ""['CHEM 211', 'CHEM 212', 'CHEM 251']"", ""['CHEM 313']"", ""['CHEM 315', 'CHEM 318']"", ""['CHEM 104']"", ""['ENGH 302']""]",,,,
98,97801612,INVISIBLE CITIES,CALVINO,"[""['ENGH 305']"", ""['HNRS 122']"", ""['ENGH 432', 'ENGH 645']"", ""['HNRS 130']"", ""['RUSS 311']"", ""['ENGH 309']"", ""['ENGH 442']"", ""['ENGH 610']"", ""['ENGH 201']"", ""['ENGH 432', 'ENGH 645', 'ENGH 685']""]",,,,
99,97820712,L'EXIL ET LE ROYAUME,CAMUS,"[""['FREN 420', 'FREN 520']"", ""['FREN 420']""]",,,,
100,97805312,STATISTICAL INFERENCE,CASELLA,"[""['CSI 672', 'STAT 652']"", ""['MUSI 366']"", ""['CEIE 453', 'CEIE 553']"", ""['MATH 441', 'MATH 442', 'MATH 493', 'OR 441', 'OR 442', 'OR 541', 'OR 542', 'SYST 465']""]",,,,
101,97803312,MAKING THE JOURNEY,CHRISTENBURY,"[""['EDCI 479', 'EDCI 669']"", ""['EDUC 606', 'EDUC 675']"", ""['EDCI 555']"", ""['EDCI 510']"", ""['EDUC 667', 'EDUC 669']"", ""['EDCI 516']"", ""['EDUC 301']"", ""['GOVT 490']""]",,,,
102,97814912,RTFM:RED TEAM FIELD MANUAL,CLARK,"[""['CFRS 664', 'CFRS 730', 'TCOM 664']"", ""['BIOL 435', 'EVPP 445', 'EVPP 505']"", ""['CFRS 772']"", ""['PUAD 651']""]",,,,
103,97809612,VISUALIZING DATA,CLEVELAND,"[""['STAT 515']"", ""['PLGL 101', 'PLGL 104', 'PLGL 400']"", ""['CS 225', 'GAME 230']"", ""['THR 210']""]",,,,
104,97805612,"REMINISCENCES OF LEVI COFFIN,REPUTED...",COFFIN,"[""['HIST 499']""]",,,,
105,97807212,THREE JACOBEAN WITCHCRAFT PLAYS,CORBIN,"[""['ENGH 324']"", ""['NURS 749']"", ""['BIOL 404']"", ""['MATH 411']"", ""['ARTH 303', 'HIST 388']""]",,,,
106,97813412,THEORY+PRACT/CNSLG..LL  W/MANL=MNDTP>IB<,COREY,"[""['NURS 633']"", ""['MATH 312']"", ""['GOVT 368']"", ""['IT 193', 'IT 213']""]",,,,
107,97817812,24/7:LATE CAPITALISM,CRARY,"[""['CULT 804']"", ""['ECE 611']"", ""['SPAN 551']"", ""['ECON 380', 'ECON 676']"", ""['THR 381', 'THR 480']"", ""['HNRS 240']"", ""['HIST 358']"", ""['GOVT 327']"", ""['ENGH 608']"", ""['GAME 210']""]",,,,
108,97804312,CRAZY,EARLEY,"[""['SOCW 645']""]",,,,
109,97818612,TRANSFERABLE ACADEMIC SKILLS KIT,FAVA-VERDAC,"[""['AE 042']"", ""['SOCI 712']"", ""['NCLC 312']"", ""['MKTG 455']"", ""['CULT 860']""]",,,,
110,97804412,GUIDED READING,FOUNTAS,"[""['EDCI 555', 'EDCI 556']"", ""['ENGH 202']"", ""['GOVT 414']"", ""['ENGH 201']"", ""['EDRD 610']"", ""['ENGH 308']"", ""['ENGH 826']"", ""['ENGH 201', 'ENGH 355']""]",,,,
111,9789712,LIBRO DE POEMAS,GARCIA-LORCA,"[""['SPAN 480', 'SPAN 540']"", ""['SPAN 390']""]",,,,
112,97802712,"FOIL,SABER+EPEE FENCING",GARRET,"[""['PHED 103']"", ""['GOVT 331']""]",,,,
113,97802912,MEXICAN WOMEN+OTHER SIDE OF IMMIGRATION,GORDILLO,"[""['SOCI 860']""]",,,,
114,97801512,FAULT IN OUR STARS,GREEN,"[""['ENGH 526']""]",,,,
115,97812712,UNIDOS  -MYSPANISHLAB ACCESS CARD,GUZMAN,"[""['SPAN 210']""]",,,,
116,97813212,POCKET STYLE MANUAL-APA VERSION,HACKER,"[""['ENGH 302', 'SPMT 430', 'SRST 598']"", ""['ECON 311']"", ""['PSYC 100']"", ""['MATH 104', 'MATH 105']"", ""['BIOL 308']""]",,,,
117,97803412,GLOSSARY OF CONTEMPORARY LIT.THEORY,HAWTHORN,"[""['ENGH 351']""]",,,,
118,97884712,ANTOLOGA POTICA,HERNNDEZ,"[""['SPAN 480', 'SPAN 540']""]",,,,
119,978112,ASHCROFT'S PROGRAM.INSTRUC.:UNIFIED...,HOLBROOK,"[""['EDSE 616']""]",,,,
120,97835312,QUANTUM FIELD THEORY,HUANG,"[""['PHYS 780']""]",,,,
121,9780412,LEW HUNTER'S SCREENWRITING 434,HUNTER,"[""['FAVS 280']"", ""['ENGH 201']"", ""['GOVT 344']""]",,,,
122,97819112,RELIGION+SUSTAINABILITY,JOHNSTON,"[""['RELI 420', 'RELI 636']"", ""['MUSI 477']"", ""['ENGH 513']""]",,,,
123,97805712,RASHOMON,KANIN,"[""['THR 334']"", ""['COMM 690', 'COMM 890']"", ""['NURS 688']"", ""['THR 496']"", ""['ENGH 346']""]",,,,
124,97808512,NATURE AS SUBJECT,KATZ,"[""['PHIL 343']"", ""['FRSC 530']"", ""['TOUR 340']"", ""['MUSI 363']""]",,,,
125,97848712,JAPANESE GRADED READER LEVEL 3 VOL 2,KENKYUKAI,"[""['JAPA 350']"", ""['JAPA 441']""]",,,,
126,97847712,KODANSHA'S FURIGANA JAPANESE DICTIONARY,KODANSHA,"[""['JAPA 350']""]",,,,
127,97831312,ASPEKTE NEU:MITTELSTUFE DEUTCH..-W/WKBK,KOITHAN,"[""['GERM 250']""]",,,,
128,97828412,LE CRI OISEAUX FOUS,LAFERRIERE,"[""['FREN 420']""]",,,,
129,97808412,TEACHING LANGUAGE:FROM GRAMMAR...,LARSEN-FREEMAN,"[""['LING 522']"", ""['HIST 272']""]",,,,
130,97806112,CALLINGS:FINDING+FOLLOWING AUTHENTIC...,LEVOY,"[""['NCLC 355']""]",,,,
131,9780712,GUIDE TO BATTLE OF ANTIETAM,LUVAAS,"[""['GGS 399', 'GGS 590']"", ""['MUSI 363']""]",,,,
132,97847912,DICTIONARY OF BASIC JAPANESE GRAMMAR,MAKINO,"[""['JAPA 331', 'JAPA 350']""]",,,,
133,97898112,BIOFLUID MECHANICS,MAZUMDAR,"[""['BENG 499', 'BENG 590']""]",,,,
134,97809112,PRINCIPLES OF ECONOMICS,MENGER,"[""['ECON 103']"", ""['NURS 749']"", ""['ENGH 202']"", ""['ECON 309']""]",,,,
135,9783612,REISENDE AUF EINEM BEIN,MULLER,"[""['GERM 365']""]",,,,
136,97881312,BUSINESS MODEL GENERATION,OSTERWALDER,"[""['MGMT 452']""]",,,,
137,97800212,NICOMACHEAN ETHICS:ARISTOTLE,OSTWALD,"[""['PHIL 681']"", ""['OR 604']""]",,,,
138,97897612,"ELEMENTARY TURKISH,VOL.1+2-W/2 CDS",OZTOPCU,"[""['TURK 210']""]",,,,
139,97828812,CHATEAU DE MA MERE,PAGNOL,"[""['FREN 420']""]",,,,
140,97815212,NARRATIVE OF ARTHUR GORDON PYM OF N...,POE,"[""['ENGH 204']""]",,,,
141,97820412,LITTERATURE TOME 2,PRAT,"[""['FREN 371']""]",,,,
142,97897712,REVOLUTION IS MY NAME,PRINCE,"[""['HIST 282']""]",,,,
143,97800312,PAPA JACK,ROBERTS,"[""['HIST 389']"", ""['GOVT 510']""]",,,,
144,97890912,PERSIAN IN USE,SEDIGHI,"[""['PERS 110', 'PERS 210']""]",,,,
145,97832612,DIE GESCHICHTE VON HERRN SOMMER,SUSKIND,"[""['GERM 250']""]",,,,
146,97894612,TROPENMUSEUM FOR A CHANGE,VAN DARTEL,"[""['ARTH 394', 'ARTH 594']""]",,,,
147,97875612,"BUSINESS TRIP TO CHINA,VOLUME II",WANG,"[""['CHIN 305']""]",,,,
148,97827612,LEAP ADVANCED:READING+WRITING-W/ACCESS,WILLIAMS,"[""['AE 080']"", ""['AE 070']""]",,,,
